اِرْتَعَش,3b8QgBWODObUoZkkOHnd3TWjzQf2,ارتش,Np3DftSUFTW0CyOFRYdWIqt9pW92,التعاش,QAKh6ymQKFgDj6n7DDaBGNqcDZQ2,إرطاش,gXTJZjzYIXfFDZtYO5OAw0XBMiU2,أرتش,nMeMaYxhlwXlm4FWvHQt7Kaakr82,إرتعش,pKglcfQ7jaUbkEreh4aNGJ3ZAhq1,ىرتاعش,wY9nLxfvecNw99lS9Wx0pT9YLcj1,ارتعش
تَعَوَّض,2TcxLEOTBKYAURXoKZPIkDQnipE2,تعوض,66Mtp85SOJbXbzqerjYxSrB8slF2,تواد,7ufW8HufEvZWeL4UF3c8ZMdVL8x1,تامت,Pi40HzE66kMgAnFkWRDQRAOgiUi1,تعوض,ixzh0eq0UKPrhqgKTEKMyDjaBdj1,تعاوض,md1x3diYgOfz6Qy1o8ARTWjERID3,طعود,qAPapD1boJQHOonmlrH6CQvYBsj1,قاوات
قُنَّب,2tUqVuRLSvZ1fKB34xSmmuJYvhr2,قنب,7ufW8HufEvZWeL4UF3c8ZMdVL8x1,قرنب,JCZBRuBzVlTMICdtlmlhjuq4g4g2,كنب,XOx4OEuuUZbdNz58VOQM4JliGus1,قوناد,ixzh0eq0UKPrhqgKTEKMyDjaBdj1,قنب,m44Q5JmPHfhZEm8jjytZWYQVByr2,قبة,r2bkl9BHYSh4AzcPGuwSi21rDWC2,قناد
ذاهِل,0nGiVljOjHSAnhHpH19KT2t8IXy1,ذاهل,7ufW8HufEvZWeL4UF3c8ZMdVL8x1,ظاهل,JCZBRuBzVlTMICdtlmlhjuq4g4g2,ذاهل,Pi40HzE66kMgAnFkWRDQRAOgiUi1,اظاهل,QAKh6ymQKFgDj6n7DDaBGNqcDZQ2,ثحن,iwsOqLOQVOSYKMCW30iSK40GrZH3,اثاهل
أَنِيمِيّ,2TcxLEOTBKYAURXoKZPIkDQnipE2,انيمي,66Mtp85SOJbXbzqerjYxSrB8slF2,انيمي,N93fWkm2CzcotDG1qDjrX4bsMFx2,انيميي,XOx4OEuuUZbdNz58VOQM4JliGus1,انيمين,ixzh0eq0UKPrhqgKTEKMyDjaBdj1,انيمي,pKglcfQ7jaUbkEreh4aNGJ3ZAhq1,أنيمي,wY9nLxfvecNw99lS9Wx0pT9YLcj1,أنيمي,zuhl0VgsLQQrdNuXSRPGA1hKdho1,أنيمي
مانَح,3tCpPOYPsCUdicDjBYJxW9vGfgj2,مانح,5HM1VvkUlabbK1p4yE5eKaEB7XP2,مانه,N93fWkm2CzcotDG1qDjrX4bsMFx2,مانح,XOx4OEuuUZbdNz58VOQM4JliGus1,بانح,pKglcfQ7jaUbkEreh4aNGJ3ZAhq1,ماناه,qAPapD1boJQHOonmlrH6CQvYBsj1,نانه,zuhl0VgsLQQrdNuXSRPGA1hKdho1,معناح
أَساسِيّ,50F5dwtdddhH54cCjarRp43Korp2,أساسي,5HM1VvkUlabbK1p4yE5eKaEB7XP2,السعسي,N93fWkm2CzcotDG1qDjrX4bsMFx2,أساسي,Pi40HzE66kMgAnFkWRDQRAOgiUi1,اسياسي,XOx4OEuuUZbdNz58VOQM4JliGus1,اساسي,md1x3diYgOfz6Qy1o8ARTWjERID3,اصعصي,zuhl0VgsLQQrdNuXSRPGA1hKdho1,أسرسي
مُتَلاعِب,2TcxLEOTBKYAURXoKZPIkDQnipE2,متلاعب,2tUqVuRLSvZ1fKB34xSmmuJYvhr2,متلاعب,N93fWkm2CzcotDG1qDjrX4bsMFx2,متلاعد,ixzh0eq0UKPrhqgKTEKMyDjaBdj1,متلاعب,m44Q5JmPHfhZEm8jjytZWYQVByr2,متلاب,wgVwGL41WHYFTybDA4AWlZTCrns1,متلاعب
مَنْطُوق,0nGiVljOjHSAnhHpH19KT2t8IXy1,منطوق,3b8QgBWODObUoZkkOHnd3TWjzQf2,منتوك,6INXhpXg6PMrc1X6DUP6g6po7M12,منطوق,gXTJZjzYIXfFDZtYO5OAw0XBMiU2,منطق,m44Q5JmPHfhZEm8jjytZWYQVByr2,منك,nMeMaYxhlwXlm4FWvHQt7Kaakr82,منتوق,r2bkl9BHYSh4AzcPGuwSi21rDWC2,منطوك
صَمْل,2tUqVuRLSvZ1fKB34xSmmuJYvhr2,صمل,6INXhpXg6PMrc1X6DUP6g6po7M12,صمل,7e2jltTPz2NCI14esaf5iDfGyUk1,سمل,X7tTUctfjleYqNhxsxUjlIAytrv1,صمل,XOx4OEuuUZbdNz58VOQM4JliGus1,سمل,m44Q5JmPHfhZEm8jjytZWYQVByr2,سمل,zuhl0VgsLQQrdNuXSRPGA1hKdho1,صامل
هَزَع,2tUqVuRLSvZ1fKB34xSmmuJYvhr2,هزع,50F5dwtdddhH54cCjarRp43Korp2,هزع,6INXhpXg6PMrc1X6DUP6g6po7M12,حزعاء,7e2jltTPz2NCI14esaf5iDfGyUk1,هز,md1x3diYgOfz6Qy1o8ARTWjERID3,هساء,qAPapD1boJQHOonmlrH6CQvYBsj1,هازا
دَكْتَرَة,2TcxLEOTBKYAURXoKZPIkDQnipE2,دكترة,6INXhpXg6PMrc1X6DUP6g6po7M12,دكترة,Np3DftSUFTW0CyOFRYdWIqt9pW92,دكدر,P24SY11mpCMuVMHHaxRQs6vXywy1,دكترة,ixzh0eq0UKPrhqgKTEKMyDjaBdj1,دكترة,md1x3diYgOfz6Qy1o8ARTWjERID3,دكترة
اِسْتَقْوَى,3tCpPOYPsCUdicDjBYJxW9vGfgj2,استقوى,7ufW8HufEvZWeL4UF3c8ZMdVL8x1,إستقوة,N93fWkm2CzcotDG1qDjrX4bsMFx2,استقوى,Pi40HzE66kMgAnFkWRDQRAOgiUi1,استقوة,X7tTUctfjleYqNhxsxUjlIAytrv1,إستقوا,iwsOqLOQVOSYKMCW30iSK40GrZH3,اسطكوة,r2bkl9BHYSh4AzcPGuwSi21rDWC2,إسكو
جِيُوفِيزِيائِيّ,0nGiVljOjHSAnhHpH19KT2t8IXy1,جيوفيزيائي,66Mtp85SOJbXbzqerjYxSrB8slF2,جيوفيزياي,N93fWkm2CzcotDG1qDjrX4bsMFx2,جيوفيزيائي,PftUkxhmGyQtVP3GkWwRB0c1ynY2,جويوفيسية,TwQbNF3F3cafaUiFKfg4bPyWn0j1,جيوفزيائ,md1x3diYgOfz6Qy1o8ARTWjERID3,خرفسمعي
شَبْرَق,50F5dwtdddhH54cCjarRp43Korp2,شبرق,5HM1VvkUlabbK1p4yE5eKaEB7XP2,شابرق,6INXhpXg6PMrc1X6DUP6g6po7M12,شبرق,7ufW8HufEvZWeL4UF3c8ZMdVL8x1,شبراك,JCZBRuBzVlTMICdtlmlhjuq4g4g2,شبرك,m44Q5JmPHfhZEm8jjytZWYQVByr2,شبرك,wgVwGL41WHYFTybDA4AWlZTCrns1,شبرك
لَوَّى,3tCpPOYPsCUdicDjBYJxW9vGfgj2,لوى,7ufW8HufEvZWeL4UF3c8ZMdVL8x1,لاوة,Pi40HzE66kMgAnFkWRDQRAOgiUi1,لوة,QAKh6ymQKFgDj6n7DDaBGNqcDZQ2,لوة,ixzh0eq0UKPrhqgKTEKMyDjaBdj1,لوعة,md1x3diYgOfz6Qy1o8ARTWjERID3,لاوة,r2bkl9BHYSh4AzcPGuwSi21rDWC2,لاو
ذاع,3tCpPOYPsCUdicDjBYJxW9vGfgj2,ذاع,50F5dwtdddhH54cCjarRp43Korp2,ذاعة,66Mtp85SOJbXbzqerjYxSrB8slF2,ضاة,6INXhpXg6PMrc1X6DUP6g6po7M12,داعة,N93fWkm2CzcotDG1qDjrX4bsMFx2,ذاعة,PftUkxhmGyQtVP3GkWwRB0c1ynY2,ظا,pKglcfQ7jaUbkEreh4aNGJ3ZAhq1,ذاع
مَساق,2TcxLEOTBKYAURXoKZPIkDQnipE2,مساق,3tCpPOYPsCUdicDjBYJxW9vGfgj2,اساق,5HM1VvkUlabbK1p4yE5eKaEB7XP2,عسعق,7ufW8HufEvZWeL4UF3c8ZMdVL8x1,أشق,JCZBRuBzVlTMICdtlmlhjuq4g4g2,بسعق,ixzh0eq0UKPrhqgKTEKMyDjaBdj1,الساق,m44Q5JmPHfhZEm8jjytZWYQVByr2,مساء
تَوَلَّد,2TcxLEOTBKYAURXoKZPIkDQnipE2,تولد,2tUqVuRLSvZ1fKB34xSmmuJYvhr2,انحدر,XOx4OEuuUZbdNz58VOQM4JliGus1,توالت,ixzh0eq0UKPrhqgKTEKMyDjaBdj1,تولد,pKglcfQ7jaUbkEreh4aNGJ3ZAhq1,تاوالاد,qAPapD1boJQHOonmlrH6CQvYBsj1,تاوالاد,zuhl0VgsLQQrdNuXSRPGA1hKdho1,تاوالت
جَنَق,3tCpPOYPsCUdicDjBYJxW9vGfgj2,جنق,7ufW8HufEvZWeL4UF3c8ZMdVL8x1,جناق,TwQbNF3F3cafaUiFKfg4bPyWn0j1,جنق,iwsOqLOQVOSYKMCW30iSK40GrZH3,خاناء,ixzh0eq0UKPrhqgKTEKMyDjaBdj1,جنق,qAPapD1boJQHOonmlrH6CQvYBsj1,جاناق
باكِي,0nGiVljOjHSAnhHpH19KT2t8IXy1,باكي,3b8QgBWODObUoZkkOHnd3TWjzQf2,باكي,JCZBRuBzVlTMICdtlmlhjuq4g4g2,باكي,QAKh6ymQKFgDj6n7DDaBGNqcDZQ2,باقيه,gXTJZjzYIXfFDZtYO5OAw0XBMiU2,باكي,iwsOqLOQVOSYKMCW30iSK40GrZH3,باكي,nMeMaYxhlwXlm4FWvHQt7Kaakr82,باكي
مُرَدِّد,0nGiVljOjHSAnhHpH19KT2t8IXy1,مردد,5HM1VvkUlabbK1p4yE5eKaEB7XP2,مرديد,6INXhpXg6PMrc1X6DUP6g6po7M12,مرضد,JCZBRuBzVlTMICdtlmlhjuq4g4g2,دمرد,ixzh0eq0UKPrhqgKTEKMyDjaBdj1,مردد,pKglcfQ7jaUbkEreh4aNGJ3ZAhq1,مراد
مُناط,3tCpPOYPsCUdicDjBYJxW9vGfgj2,مناط,66Mtp85SOJbXbzqerjYxSrB8slF2,منات,7ufW8HufEvZWeL4UF3c8ZMdVL8x1,مونات,pKglcfQ7jaUbkEreh4aNGJ3ZAhq1,مونات,r2bkl9BHYSh4AzcPGuwSi21rDWC2,مونعت,zuhl0VgsLQQrdNuXSRPGA1hKdho1,منات
إِدامَة,3tCpPOYPsCUdicDjBYJxW9vGfgj2,ادامة,50F5dwtdddhH54cCjarRp43Korp2,ادامة,5HM1VvkUlabbK1p4yE5eKaEB7XP2,ادنة,66Mtp85SOJbXbzqerjYxSrB8slF2,ادامة,Np3DftSUFTW0CyOFRYdWIqt9pW92,ادامة,md1x3diYgOfz6Qy1o8ARTWjERID3,إدمة
أَضْحَك,50F5dwtdddhH54cCjarRp43Korp2,أبهك,JCZBRuBzVlTMICdtlmlhjuq4g4g2,أبهك,P24SY11mpCMuVMHHaxRQs6vXywy1,اتحك,md1x3diYgOfz6Qy1o8ARTWjERID3,أبحك,wY9nLxfvecNw99lS9Wx0pT9YLcj1,أضحك,wgVwGL41WHYFTybDA4AWlZTCrns1,ابحك
مُثاقَفَة,0nGiVljOjHSAnhHpH19KT2t8IXy1,مثاقفة,3b8QgBWODObUoZkkOHnd3TWjzQf2,موتاقفة,Pi40HzE66kMgAnFkWRDQRAOgiUi1,مثاقفة,TwQbNF3F3cafaUiFKfg4bPyWn0j1,مثاقفة,gXTJZjzYIXfFDZtYO5OAw0XBMiU2,مثقفة,nMeMaYxhlwXlm4FWvHQt7Kaakr82,مثاقفة,zuhl0VgsLQQrdNuXSRPGA1hKdho1,مفاقفة
بَلُوشِيّ,5HM1VvkUlabbK1p4yE5eKaEB7XP2,بنوشي,N93fWkm2CzcotDG1qDjrX4bsMFx2,بنوشي,Np3DftSUFTW0CyOFRYdWIqt9pW92,بروشي,Pi40HzE66kMgAnFkWRDQRAOgiUi1,بلوشي,pKglcfQ7jaUbkEreh4aNGJ3ZAhq1,بلوشي,wY9nLxfvecNw99lS9Wx0pT9YLcj1,بلوشي
شائِب,2TcxLEOTBKYAURXoKZPIkDQnipE2,شائب,66Mtp85SOJbXbzqerjYxSrB8slF2,شاعب,P24SY11mpCMuVMHHaxRQs6vXywy1,شاء,Pi40HzE66kMgAnFkWRDQRAOgiUi1,شائب,wY9nLxfvecNw99lS9Wx0pT9YLcj1,شائب
جُمْجُمَة,3tCpPOYPsCUdicDjBYJxW9vGfgj2,جمجمة,5HM1VvkUlabbK1p4yE5eKaEB7XP2,جمجوم,N93fWkm2CzcotDG1qDjrX4bsMFx2,جمجمة,md1x3diYgOfz6Qy1o8ARTWjERID3,خمخومة,qAPapD1boJQHOonmlrH6CQvYBsj1,جومجولا,wgVwGL41WHYFTybDA4AWlZTCrns1,جمجمة
مُعَطَّل,3tCpPOYPsCUdicDjBYJxW9vGfgj2,معطل,66Mtp85SOJbXbzqerjYxSrB8slF2,موعطل,Pi40HzE66kMgAnFkWRDQRAOgiUi1,معضل,ixzh0eq0UKPrhqgKTEKMyDjaBdj1,معتل,pKglcfQ7jaUbkEreh4aNGJ3ZAhq1,موعطل,zuhl0VgsLQQrdNuXSRPGA1hKdho1,موظل
نَشَّط,6INXhpXg6PMrc1X6DUP6g6po7M12,نشق,7e2jltTPz2NCI14esaf5iDfGyUk1,نشب,TwQbNF3F3cafaUiFKfg4bPyWn0j1,نشق,XOx4OEuuUZbdNz58VOQM4JliGus1,ناشق,md1x3diYgOfz6Qy1o8ARTWjERID3,نشاب,zuhl0VgsLQQrdNuXSRPGA1hKdho1,ناشب
تَخْوِيف,7ufW8HufEvZWeL4UF3c8ZMdVL8x1,تغميث,Pi40HzE66kMgAnFkWRDQRAOgiUi1,تخويس,TwQbNF3F3cafaUiFKfg4bPyWn0j1,تخويف,iwsOqLOQVOSYKMCW30iSK40GrZH3,تخويش,r2bkl9BHYSh4AzcPGuwSi21rDWC2,تحويف,wY9nLxfvecNw99lS9Wx0pT9YLcj1,تخويف
نَصَر,66Mtp85SOJbXbzqerjYxSrB8slF2,نسر,Np3DftSUFTW0CyOFRYdWIqt9pW92,نصار,ixzh0eq0UKPrhqgKTEKMyDjaBdj1,نصر,m44Q5JmPHfhZEm8jjytZWYQVByr2,مسل,wY9nLxfvecNw99lS9Wx0pT9YLcj1,بصر,wgVwGL41WHYFTybDA4AWlZTCrns1,نسر
مُتَحامِل,2tUqVuRLSvZ1fKB34xSmmuJYvhr2,متحامل,7ufW8HufEvZWeL4UF3c8ZMdVL8x1,متهمل,Pi40HzE66kMgAnFkWRDQRAOgiUi1,متحام,QAKh6ymQKFgDj6n7DDaBGNqcDZQ2,مطحمل,m44Q5JmPHfhZEm8jjytZWYQVByr2,متحامل,qAPapD1boJQHOonmlrH6CQvYBsj1,موتاحميل,wgVwGL41WHYFTybDA4AWlZTCrns1,متحلمل
اِنْدَرَج,2tUqVuRLSvZ1fKB34xSmmuJYvhr2,اندرج,50F5dwtdddhH54cCjarRp43Korp2,اندرج,5HM1VvkUlabbK1p4yE5eKaEB7XP2,انرج,7e2jltTPz2NCI14esaf5iDfGyUk1,يندرج,N93fWkm2CzcotDG1qDjrX4bsMFx2,اندرج,P24SY11mpCMuVMHHaxRQs6vXywy1,اندرخ,ixzh0eq0UKPrhqgKTEKMyDjaBdj1,اندرج,m44Q5JmPHfhZEm8jjytZWYQVByr2,يندلج,wgVwGL41WHYFTybDA4AWlZTCrns1,اندرج
اِغْبِرار,3tCpPOYPsCUdicDjBYJxW9vGfgj2,اغبرار,7e2jltTPz2NCI14esaf5iDfGyUk1,يغبيرار,JCZBRuBzVlTMICdtlmlhjuq4g4g2,يزبرار,Np3DftSUFTW0CyOFRYdWIqt9pW92,إخبرار,m44Q5JmPHfhZEm8jjytZWYQVByr2,احبلال,wgVwGL41WHYFTybDA4AWlZTCrns1,خربرار
حُقْب,2tUqVuRLSvZ1fKB34xSmmuJYvhr2,بيع,3b8QgBWODObUoZkkOHnd3TWjzQf2,حكب,50F5dwtdddhH54cCjarRp43Korp2,حقب,TwQbNF3F3cafaUiFKfg4bPyWn0j1,حقب,gXTJZjzYIXfFDZtYO5OAw0XBMiU2,حاقو,nMeMaYxhlwXlm4FWvHQt7Kaakr82,حق
حَمْضِيّ,0nGiVljOjHSAnhHpH19KT2t8IXy1,حمضي,2tUqVuRLSvZ1fKB34xSmmuJYvhr2,حمضي,7e2jltTPz2NCI14esaf5iDfGyUk1,حمدي,QAKh6ymQKFgDj6n7DDaBGNqcDZQ2,حمدوي,gXTJZjzYIXfFDZtYO5OAw0XBMiU2,حمدي,md1x3diYgOfz6Qy1o8ARTWjERID3,حمدي
اِشْتَمَل,3b8QgBWODObUoZkkOHnd3TWjzQf2,اشتمعل,Np3DftSUFTW0CyOFRYdWIqt9pW92,إشتمر,TwQbNF3F3cafaUiFKfg4bPyWn0j1,إشتمل,XOx4OEuuUZbdNz58VOQM4JliGus1,شتامل,gXTJZjzYIXfFDZtYO5OAw0XBMiU2,شتمل,nMeMaYxhlwXlm4FWvHQt7Kaakr82,شتمل
إِشْراقِيّ,0nGiVljOjHSAnhHpH19KT2t8IXy1,إشراقي,3tCpPOYPsCUdicDjBYJxW9vGfgj2,اشراقي,JCZBRuBzVlTMICdtlmlhjuq4g4g2,اشراقي,XOx4OEuuUZbdNz58VOQM4JliGus1,إشراقي,m44Q5JmPHfhZEm8jjytZWYQVByr2,اشرفي,wgVwGL41WHYFTybDA4AWlZTCrns1,اشرقي
مُوَلِّد,3b8QgBWODObUoZkkOHnd3TWjzQf2,مولت,3tCpPOYPsCUdicDjBYJxW9vGfgj2,مولد,7e2jltTPz2NCI14esaf5iDfGyUk1,امو,Np3DftSUFTW0CyOFRYdWIqt9pW92,موالد,X7tTUctfjleYqNhxsxUjlIAytrv1,مولد,gXTJZjzYIXfFDZtYO5OAw0XBMiU2,مؤالد,nMeMaYxhlwXlm4FWvHQt7Kaakr82,مولد
اِكْتَشَف,6INXhpXg6PMrc1X6DUP6g6po7M12,اكتشف,7e2jltTPz2NCI14esaf5iDfGyUk1,اكتشر,QAKh6ymQKFgDj6n7DDaBGNqcDZQ2,إكتشف,X7tTUctfjleYqNhxsxUjlIAytrv1,إكتشف,iwsOqLOQVOSYKMCW30iSK40GrZH3,اكتشار,wY9nLxfvecNw99lS9Wx0pT9YLcj1,اكتشف
وَدّ,2tUqVuRLSvZ1fKB34xSmmuJYvhr2,ود,6INXhpXg6PMrc1X6DUP6g6po7M12,ود,Np3DftSUFTW0CyOFRYdWIqt9pW92,ود,X7tTUctfjleYqNhxsxUjlIAytrv1,ود,gXTJZjzYIXfFDZtYO5OAw0XBMiU2,وض,pKglcfQ7jaUbkEreh4aNGJ3ZAhq1,واد
كُبْشَة,0nGiVljOjHSAnhHpH19KT2t8IXy1,كبشة,7ufW8HufEvZWeL4UF3c8ZMdVL8x1,كبشة,QAKh6ymQKFgDj6n7DDaBGNqcDZQ2,قبش,TwQbNF3F3cafaUiFKfg4bPyWn0j1,كبشة,iwsOqLOQVOSYKMCW30iSK40GrZH3,قبشة,wgVwGL41WHYFTybDA4AWlZTCrns1,كبشة
مِضَخَّة,2TcxLEOTBKYAURXoKZPIkDQnipE2,مضخة,50F5dwtdddhH54cCjarRp43Korp2,مدحة,5HM1VvkUlabbK1p4yE5eKaEB7XP2,مطخة,7e2jltTPz2NCI14esaf5iDfGyUk1,مداح,PftUkxhmGyQtVP3GkWwRB0c1ynY2,ميظاحة,X7tTUctfjleYqNhxsxUjlIAytrv1,مدخة,pKglcfQ7jaUbkEreh4aNGJ3ZAhq1,ميداحة
مِكَبَّة,2lSg7qDaeyNaIpig17JKSu0DvKf1,مكبة,3tCpPOYPsCUdicDjBYJxW9vGfgj2,مكبة,7e2jltTPz2NCI14esaf5iDfGyUk1,ميقضة,7ufW8HufEvZWeL4UF3c8ZMdVL8x1,مكبة,m44Q5JmPHfhZEm8jjytZWYQVByr2,مكبة,qAPapD1boJQHOonmlrH6CQvYBsj1,ميكاتبا
لَكِن,2TcxLEOTBKYAURXoKZPIkDQnipE2,لكن,5HM1VvkUlabbK1p4yE5eKaEB7XP2,لكن,7e2jltTPz2NCI14esaf5iDfGyUk1,لكن,N93fWkm2CzcotDG1qDjrX4bsMFx2,لكن,ixzh0eq0UKPrhqgKTEKMyDjaBdj1,لكن,m44Q5JmPHfhZEm8jjytZWYQVByr2,لكن,qAPapD1boJQHOonmlrH6CQvYBsj1,لكن,wY9nLxfvecNw99lS9Wx0pT9YLcj1,لكن
مُحَرِّض,2tUqVuRLSvZ1fKB34xSmmuJYvhr2,محرض,N93fWkm2CzcotDG1qDjrX4bsMFx2,محرج,XOx4OEuuUZbdNz58VOQM4JliGus1,محارد,ixzh0eq0UKPrhqgKTEKMyDjaBdj1,محرد,qAPapD1boJQHOonmlrH6CQvYBsj1,موحارريك,r2bkl9BHYSh4AzcPGuwSi21rDWC2,محرك,zuhl0VgsLQQrdNuXSRPGA1hKdho1,مهريد
آثارِيّ,2tUqVuRLSvZ1fKB34xSmmuJYvhr2,اثري,50F5dwtdddhH54cCjarRp43Korp2,اثاري,5HM1VvkUlabbK1p4yE5eKaEB7XP2,اثريع,PftUkxhmGyQtVP3GkWwRB0c1ynY2,ادري,XOx4OEuuUZbdNz58VOQM4JliGus1,اشريح,pKglcfQ7jaUbkEreh4aNGJ3ZAhq1,كاثاري
نَفْسِيّ,66Mtp85SOJbXbzqerjYxSrB8slF2,نفسي,7e2jltTPz2NCI14esaf5iDfGyUk1,نفسي,7ufW8HufEvZWeL4UF3c8ZMdVL8x1,نفسي,JCZBRuBzVlTMICdtlmlhjuq4g4g2,نفسي,m44Q5JmPHfhZEm8jjytZWYQVByr2,مفسي,qAPapD1boJQHOonmlrH6CQvYBsj1,نافسي
إِلْصاق,66Mtp85SOJbXbzqerjYxSrB8slF2,انساق,6INXhpXg6PMrc1X6DUP6g6po7M12,الصاق,TwQbNF3F3cafaUiFKfg4bPyWn0j1,إلساق,ixzh0eq0UKPrhqgKTEKMyDjaBdj1,انساق,pKglcfQ7jaUbkEreh4aNGJ3ZAhq1,إلساق
آن,5HM1VvkUlabbK1p4yE5eKaEB7XP2,ان,6INXhpXg6PMrc1X6DUP6g6po7M12,آم,7e2jltTPz2NCI14esaf5iDfGyUk1,ان,JCZBRuBzVlTMICdtlmlhjuq4g4g2,آن,P24SY11mpCMuVMHHaxRQs6vXywy1,ان,m44Q5JmPHfhZEm8jjytZWYQVByr2,عان,wgVwGL41WHYFTybDA4AWlZTCrns1,ان
تَوَتُّر,0nGiVljOjHSAnhHpH19KT2t8IXy1,توتر,3b8QgBWODObUoZkkOHnd3TWjzQf2,توتر,5HM1VvkUlabbK1p4yE5eKaEB7XP2,دودر,N93fWkm2CzcotDG1qDjrX4bsMFx2,توتر,md1x3diYgOfz6Qy1o8ARTWjERID3,طوتور,r2bkl9BHYSh4AzcPGuwSi21rDWC2,تواتر
ناظِر,5HM1VvkUlabbK1p4yE5eKaEB7XP2,ناوغل,66Mtp85SOJbXbzqerjYxSrB8slF2,ناغر,7e2jltTPz2NCI14esaf5iDfGyUk1,ناور,XOx4OEuuUZbdNz58VOQM4JliGus1,ناغور,ixzh0eq0UKPrhqgKTEKMyDjaBdj1,ناظر,m44Q5JmPHfhZEm8jjytZWYQVByr2,مابر
مُلازِم,50F5dwtdddhH54cCjarRp43Korp2,ألازم,6INXhpXg6PMrc1X6DUP6g6po7M12,ولازم,7e2jltTPz2NCI14esaf5iDfGyUk1,مولزم,QAKh6ymQKFgDj6n7DDaBGNqcDZQ2,مولازيم,m44Q5JmPHfhZEm8jjytZWYQVByr2,ولازم,wY9nLxfvecNw99lS9Wx0pT9YLcj1,ملازم,wgVwGL41WHYFTybDA4AWlZTCrns1,ملازم
تَضْخِيم,3b8QgBWODObUoZkkOHnd3TWjzQf2,تبخيم,3tCpPOYPsCUdicDjBYJxW9vGfgj2,تضخيم,Pi40HzE66kMgAnFkWRDQRAOgiUi1,طبخيم,gXTJZjzYIXfFDZtYO5OAw0XBMiU2,طبحيم,ixzh0eq0UKPrhqgKTEKMyDjaBdj1,طبخين,nMeMaYxhlwXlm4FWvHQt7Kaakr82,طبحيم
صِفاد,50F5dwtdddhH54cCjarRp43Korp2,صفاد,Np3DftSUFTW0CyOFRYdWIqt9pW92,سفائ,Pi40HzE66kMgAnFkWRDQRAOgiUi1,صفاء,X7tTUctfjleYqNhxsxUjlIAytrv1,سفات,pKglcfQ7jaUbkEreh4aNGJ3ZAhq1,صيفات,wY9nLxfvecNw99lS9Wx0pT9YLcj1,صفات
إِسْطَبْل,2TcxLEOTBKYAURXoKZPIkDQnipE2,اسطبل,2tUqVuRLSvZ1fKB34xSmmuJYvhr2,اسطبل,50F5dwtdddhH54cCjarRp43Korp2,اصطبج,6INXhpXg6PMrc1X6DUP6g6po7M12,اسطب,7ufW8HufEvZWeL4UF3c8ZMdVL8x1,استبش,JCZBRuBzVlTMICdtlmlhjuq4g4g2,استبي,P24SY11mpCMuVMHHaxRQs6vXywy1,استب,iwsOqLOQVOSYKMCW30iSK40GrZH3,استابيش,qAPapD1boJQHOonmlrH6CQvYBsj1,استابيش
تشِيكِيّ,0nGiVljOjHSAnhHpH19KT2t8IXy1,تشيكي,66Mtp85SOJbXbzqerjYxSrB8slF2,تشيكي,Pi40HzE66kMgAnFkWRDQRAOgiUi1,تشيكي,TwQbNF3F3cafaUiFKfg4bPyWn0j1,تشيكي,iwsOqLOQVOSYKMCW30iSK40GrZH3,شيكي,ixzh0eq0UKPrhqgKTEKMyDjaBdj1,تشيكي
مُشْتَمَل,N93fWkm2CzcotDG1qDjrX4bsMFx2,مشتمل,Np3DftSUFTW0CyOFRYdWIqt9pW92,مشتمعل,P24SY11mpCMuVMHHaxRQs6vXywy1,مشتمل,XOx4OEuuUZbdNz58VOQM4JliGus1,موشنامل,gXTJZjzYIXfFDZtYO5OAw0XBMiU2,مشتمال,nMeMaYxhlwXlm4FWvHQt7Kaakr82,مستمل,pKglcfQ7jaUbkEreh4aNGJ3ZAhq1,مشتمل
مُونَة,2tUqVuRLSvZ1fKB34xSmmuJYvhr2,منى,50F5dwtdddhH54cCjarRp43Korp2,مونى,Np3DftSUFTW0CyOFRYdWIqt9pW92,مونة,X7tTUctfjleYqNhxsxUjlIAytrv1,مونا,gXTJZjzYIXfFDZtYO5OAw0XBMiU2,نونة,m44Q5JmPHfhZEm8jjytZWYQVByr2,مونة
اِصْطَكّ,0nGiVljOjHSAnhHpH19KT2t8IXy1,استق,3b8QgBWODObUoZkkOHnd3TWjzQf2,استق,66Mtp85SOJbXbzqerjYxSrB8slF2,اسطك,TwQbNF3F3cafaUiFKfg4bPyWn0j1,إستك,gXTJZjzYIXfFDZtYO5OAw0XBMiU2,إستأق,nMeMaYxhlwXlm4FWvHQt7Kaakr82,إستق,qAPapD1boJQHOonmlrH6CQvYBsj1,استاق
نَمَطِيّ,7e2jltTPz2NCI14esaf5iDfGyUk1,ناماتي,JCZBRuBzVlTMICdtlmlhjuq4g4g2,نمطي,P24SY11mpCMuVMHHaxRQs6vXywy1,نمتي,Pi40HzE66kMgAnFkWRDQRAOgiUi1,نمطي,m44Q5JmPHfhZEm8jjytZWYQVByr2,نمطي,r2bkl9BHYSh4AzcPGuwSi21rDWC2,نمطي,wY9nLxfvecNw99lS9Wx0pT9YLcj1,نمطي,wgVwGL41WHYFTybDA4AWlZTCrns1,نمتي
قَصَد,3tCpPOYPsCUdicDjBYJxW9vGfgj2,قصد,66Mtp85SOJbXbzqerjYxSrB8slF2,قصض,N93fWkm2CzcotDG1qDjrX4bsMFx2,قصد,QAKh6ymQKFgDj6n7DDaBGNqcDZQ2,أصد,iwsOqLOQVOSYKMCW30iSK40GrZH3,فصد,zuhl0VgsLQQrdNuXSRPGA1hKdho1,قساط
رِزْمَة,2tUqVuRLSvZ1fKB34xSmmuJYvhr2,رزمة,3b8QgBWODObUoZkkOHnd3TWjzQf2,رزمة,50F5dwtdddhH54cCjarRp43Korp2,رزمة,Np3DftSUFTW0CyOFRYdWIqt9pW92,رزمة,TwQbNF3F3cafaUiFKfg4bPyWn0j1,رزمة,nMeMaYxhlwXlm4FWvHQt7Kaakr82,رزمة,zuhl0VgsLQQrdNuXSRPGA1hKdho1,بريسمة
مُلْهِي,3b8QgBWODObUoZkkOHnd3TWjzQf2,ولحي,3tCpPOYPsCUdicDjBYJxW9vGfgj2,ملهي,X7tTUctfjleYqNhxsxUjlIAytrv1,ملهي,iwsOqLOQVOSYKMCW30iSK40GrZH3,مولهي,qAPapD1boJQHOonmlrH6CQvYBsj1,مولهي
وَحْف,7ufW8HufEvZWeL4UF3c8ZMdVL8x1,ماح,QAKh6ymQKFgDj6n7DDaBGNqcDZQ2,واف,gXTJZjzYIXfFDZtYO5OAw0XBMiU2,وح,iwsOqLOQVOSYKMCW30iSK40GrZH3,واهش,qAPapD1boJQHOonmlrH6CQvYBsj1,واف
اِسْتِقْصائِيّ,2TcxLEOTBKYAURXoKZPIkDQnipE2,استقصائي,7e2jltTPz2NCI14esaf5iDfGyUk1,استكساي,N93fWkm2CzcotDG1qDjrX4bsMFx2,استقصائي,P24SY11mpCMuVMHHaxRQs6vXywy1,استك,Pi40HzE66kMgAnFkWRDQRAOgiUi1,استقسي,pKglcfQ7jaUbkEreh4aNGJ3ZAhq1,إسطكصاي,r2bkl9BHYSh4AzcPGuwSi21rDWC2,سايإستك
دَفْع,66Mtp85SOJbXbzqerjYxSrB8slF2,دفة,7ufW8HufEvZWeL4UF3c8ZMdVL8x1,دافة,JCZBRuBzVlTMICdtlmlhjuq4g4g2,دفع,QAKh6ymQKFgDj6n7DDaBGNqcDZQ2,ضفة,iwsOqLOQVOSYKMCW30iSK40GrZH3,صثؤ,qAPapD1boJQHOonmlrH6CQvYBsj1,تهبار
حَبْك,3tCpPOYPsCUdicDjBYJxW9vGfgj2,حبك,6INXhpXg6PMrc1X6DUP6g6po7M12,حبك,7ufW8HufEvZWeL4UF3c8ZMdVL8x1,هبك,Pi40HzE66kMgAnFkWRDQRAOgiUi1,حبك,QAKh6ymQKFgDj6n7DDaBGNqcDZQ2,حبك,XOx4OEuuUZbdNz58VOQM4JliGus1,حابك,m44Q5JmPHfhZEm8jjytZWYQVByr2,حبك
مُبَيِّن,0nGiVljOjHSAnhHpH19KT2t8IXy1,مبين,PftUkxhmGyQtVP3GkWwRB0c1ynY2,موبير,Pi40HzE66kMgAnFkWRDQRAOgiUi1,مبين,QAKh6ymQKFgDj6n7DDaBGNqcDZQ2,وباين,TwQbNF3F3cafaUiFKfg4bPyWn0j1,مبين,md1x3diYgOfz6Qy1o8ARTWjERID3,مبين,nMeMaYxhlwXlm4FWvHQt7Kaakr82,مبين
قُتْمَة,7ufW8HufEvZWeL4UF3c8ZMdVL8x1,كتمة,QAKh6ymQKFgDj6n7DDaBGNqcDZQ2,خطمة,iwsOqLOQVOSYKMCW30iSK40GrZH3,قتمة,ixzh0eq0UKPrhqgKTEKMyDjaBdj1,قتمة,r2bkl9BHYSh4AzcPGuwSi21rDWC2,قتمع,wgVwGL41WHYFTybDA4AWlZTCrns1,قتمة
مُمْطِر,50F5dwtdddhH54cCjarRp43Korp2,ممتر,66Mtp85SOJbXbzqerjYxSrB8slF2,ممتر,PftUkxhmGyQtVP3GkWwRB0c1ynY2,مونتر,Pi40HzE66kMgAnFkWRDQRAOgiUi1,ممدر,QAKh6ymQKFgDj6n7DDaBGNqcDZQ2,ممتر,X7tTUctfjleYqNhxsxUjlIAytrv1,ممطر,m44Q5JmPHfhZEm8jjytZWYQVByr2,مومتل,wY9nLxfvecNw99lS9Wx0pT9YLcj1,ممطر,zuhl0VgsLQQrdNuXSRPGA1hKdho1,مومتر
هَجَّى,2TcxLEOTBKYAURXoKZPIkDQnipE2,هجى,3tCpPOYPsCUdicDjBYJxW9vGfgj2,هجا,7ufW8HufEvZWeL4UF3c8ZMdVL8x1,هاجة,Np3DftSUFTW0CyOFRYdWIqt9pW92,حجاء,P24SY11mpCMuVMHHaxRQs6vXywy1,حجلة,ixzh0eq0UKPrhqgKTEKMyDjaBdj1,حجة
سَهْران,2tUqVuRLSvZ1fKB34xSmmuJYvhr2,سهران,3b8QgBWODObUoZkkOHnd3TWjzQf2,سحران,7e2jltTPz2NCI14esaf5iDfGyUk1,سحرن,gXTJZjzYIXfFDZtYO5OAw0XBMiU2,سحران,md1x3diYgOfz6Qy1o8ARTWjERID3,سهراب,nMeMaYxhlwXlm4FWvHQt7Kaakr82,سهران
تَضايَق,2TcxLEOTBKYAURXoKZPIkDQnipE2,تضايق,2tUqVuRLSvZ1fKB34xSmmuJYvhr2,تضايق,JCZBRuBzVlTMICdtlmlhjuq4g4g2,تظايك,Pi40HzE66kMgAnFkWRDQRAOgiUi1,تطايق,md1x3diYgOfz6Qy1o8ARTWjERID3,طظياق,r2bkl9BHYSh4AzcPGuwSi21rDWC2,طداياق
لَحَم,3tCpPOYPsCUdicDjBYJxW9vGfgj2,لحم,6INXhpXg6PMrc1X6DUP6g6po7M12,لحم,QAKh6ymQKFgDj6n7DDaBGNqcDZQ2,لحم,X7tTUctfjleYqNhxsxUjlIAytrv1,لحم,md1x3diYgOfz6Qy1o8ARTWjERID3,اهند,wgVwGL41WHYFTybDA4AWlZTCrns1,لحم
مُصْطَكّ,2TcxLEOTBKYAURXoKZPIkDQnipE2,مصتك,3tCpPOYPsCUdicDjBYJxW9vGfgj2,مستق,5HM1VvkUlabbK1p4yE5eKaEB7XP2,مسطك,JCZBRuBzVlTMICdtlmlhjuq4g4g2,مسطق,Pi40HzE66kMgAnFkWRDQRAOgiUi1,مستق,XOx4OEuuUZbdNz58VOQM4JliGus1,مستأك,ixzh0eq0UKPrhqgKTEKMyDjaBdj1,مستك,md1x3diYgOfz6Qy1o8ARTWjERID3,ميتك
اِخْتِيارِيّ,50F5dwtdddhH54cCjarRp43Korp2,أختياري,7ufW8HufEvZWeL4UF3c8ZMdVL8x1,أختيري,Pi40HzE66kMgAnFkWRDQRAOgiUi1,اجتياري,iwsOqLOQVOSYKMCW30iSK40GrZH3,اختيؤري,qAPapD1boJQHOonmlrH6CQvYBsj1,اجتباري,wY9nLxfvecNw99lS9Wx0pT9YLcj1,اختياري
واضِح,50F5dwtdddhH54cCjarRp43Korp2,وادح,66Mtp85SOJbXbzqerjYxSrB8slF2,وعضح,7ufW8HufEvZWeL4UF3c8ZMdVL8x1,أظكر,N93fWkm2CzcotDG1qDjrX4bsMFx2,واضح,QAKh6ymQKFgDj6n7DDaBGNqcDZQ2,واده,iwsOqLOQVOSYKMCW30iSK40GrZH3,واضه,qAPapD1boJQHOonmlrH6CQvYBsj1,واده
ناصِع,0nGiVljOjHSAnhHpH19KT2t8IXy1,ناصع,3b8QgBWODObUoZkkOHnd3TWjzQf2,نوسح,66Mtp85SOJbXbzqerjYxSrB8slF2,ناسة,N93fWkm2CzcotDG1qDjrX4bsMFx2,نوصى,P24SY11mpCMuVMHHaxRQs6vXywy1,ناسع,zuhl0VgsLQQrdNuXSRPGA1hKdho1,نسر
مَرْيَلَة,3b8QgBWODObUoZkkOHnd3TWjzQf2,مريعلة,7e2jltTPz2NCI14esaf5iDfGyUk1,مريلة,Np3DftSUFTW0CyOFRYdWIqt9pW92,مريلة,X7tTUctfjleYqNhxsxUjlIAytrv1,مريلة,wY9nLxfvecNw99lS9Wx0pT9YLcj1,مريلة,zuhl0VgsLQQrdNuXSRPGA1hKdho1,مبيالة
فَأْفَأ,Np3DftSUFTW0CyOFRYdWIqt9pW92,فئفئ,XOx4OEuuUZbdNz58VOQM4JliGus1,فاءفاء,pKglcfQ7jaUbkEreh4aNGJ3ZAhq1,فاءفاء,r2bkl9BHYSh4AzcPGuwSi21rDWC2,فف,wY9nLxfvecNw99lS9Wx0pT9YLcj1,فأفأ,zuhl0VgsLQQrdNuXSRPGA1hKdho1,فاءفاء
اِسْتَوْصَى,3b8QgBWODObUoZkkOHnd3TWjzQf2,استوزة,7ufW8HufEvZWeL4UF3c8ZMdVL8x1,ستاوسة,Np3DftSUFTW0CyOFRYdWIqt9pW92,ستوص,iwsOqLOQVOSYKMCW30iSK40GrZH3,سطوصع,qAPapD1boJQHOonmlrH6CQvYBsj1,ستوسا,wY9nLxfvecNw99lS9Wx0pT9YLcj1,استوصى
وَرَد,0nGiVljOjHSAnhHpH19KT2t8IXy1,ورد,3b8QgBWODObUoZkkOHnd3TWjzQf2,ورات,5HM1VvkUlabbK1p4yE5eKaEB7XP2,ولد,66Mtp85SOJbXbzqerjYxSrB8slF2,ورد,PftUkxhmGyQtVP3GkWwRB0c1ynY2,ورأت,TwQbNF3F3cafaUiFKfg4bPyWn0j1,ورد,nMeMaYxhlwXlm4FWvHQt7Kaakr82,ورط
لاوِي,2TcxLEOTBKYAURXoKZPIkDQnipE2,ناوي,7e2jltTPz2NCI14esaf5iDfGyUk1,لوي,JCZBRuBzVlTMICdtlmlhjuq4g4g2,لاوي,Np3DftSUFTW0CyOFRYdWIqt9pW92,راوي,TwQbNF3F3cafaUiFKfg4bPyWn0j1,لاوي,pKglcfQ7jaUbkEreh4aNGJ3ZAhq1,لاوي
نَفِس,3tCpPOYPsCUdicDjBYJxW9vGfgj2,نفس,7ufW8HufEvZWeL4UF3c8ZMdVL8x1,نافس,Np3DftSUFTW0CyOFRYdWIqt9pW92,نفس,QAKh6ymQKFgDj6n7DDaBGNqcDZQ2,نفوس,md1x3diYgOfz6Qy1o8ARTWjERID3,بيفس,r2bkl9BHYSh4AzcPGuwSi21rDWC2,نافس
نَبَأ,0nGiVljOjHSAnhHpH19KT2t8IXy1,نبأ,2TcxLEOTBKYAURXoKZPIkDQnipE2,نبع,3b8QgBWODObUoZkkOHnd3TWjzQf2,نبع,7e2jltTPz2NCI14esaf5iDfGyUk1,نبة,N93fWkm2CzcotDG1qDjrX4bsMFx2,نبء,gXTJZjzYIXfFDZtYO5OAw0XBMiU2,نباء
مُوازَنَة,5HM1VvkUlabbK1p4yE5eKaEB7XP2,موزنة,7e2jltTPz2NCI14esaf5iDfGyUk1,موزنة,7ufW8HufEvZWeL4UF3c8ZMdVL8x1,موازانة,JCZBRuBzVlTMICdtlmlhjuq4g4g2,موازنة,P24SY11mpCMuVMHHaxRQs6vXywy1,موازنى,iwsOqLOQVOSYKMCW30iSK40GrZH3,موازنة,ixzh0eq0UKPrhqgKTEKMyDjaBdj1,موازلة,qAPapD1boJQHOonmlrH6CQvYBsj1,مزالا,r2bkl9BHYSh4AzcPGuwSi21rDWC2,موازنا,wgVwGL41WHYFTybDA4AWlZTCrns1,مازنة
رَمّاح,QAKh6ymQKFgDj6n7DDaBGNqcDZQ2,رمعا,ixzh0eq0UKPrhqgKTEKMyDjaBdj1,رماح,md1x3diYgOfz6Qy1o8ARTWjERID3,رماع,qAPapD1boJQHOonmlrH6CQvYBsj1,راماه,r2bkl9BHYSh4AzcPGuwSi21rDWC2,روماح,wY9nLxfvecNw99lS9Wx0pT9YLcj1,رماح
اِجْتِرار,2TcxLEOTBKYAURXoKZPIkDQnipE2,اشترار,50F5dwtdddhH54cCjarRp43Korp2,شترر,JCZBRuBzVlTMICdtlmlhjuq4g4g2,شترار,P24SY11mpCMuVMHHaxRQs6vXywy1,شترار,md1x3diYgOfz6Qy1o8ARTWjERID3,شترار,wY9nLxfvecNw99lS9Wx0pT9YLcj1,اشترار
قُصارَى,2tUqVuRLSvZ1fKB34xSmmuJYvhr2,قصارى,3b8QgBWODObUoZkkOHnd3TWjzQf2,عسارة,7ufW8HufEvZWeL4UF3c8ZMdVL8x1,توساة,TwQbNF3F3cafaUiFKfg4bPyWn0j1,قصارة,m44Q5JmPHfhZEm8jjytZWYQVByr2,طسارة,qAPapD1boJQHOonmlrH6CQvYBsj1,اصارة
مُمَيِّز,2TcxLEOTBKYAURXoKZPIkDQnipE2,مميز,3tCpPOYPsCUdicDjBYJxW9vGfgj2,مميز,JCZBRuBzVlTMICdtlmlhjuq4g4g2,ممائيز,TwQbNF3F3cafaUiFKfg4bPyWn0j1,مميز,nMeMaYxhlwXlm4FWvHQt7Kaakr82,مميز,wgVwGL41WHYFTybDA4AWlZTCrns1,مميز
شِيمَة,0nGiVljOjHSAnhHpH19KT2t8IXy1,شيما,3b8QgBWODObUoZkkOHnd3TWjzQf2,شيمة,TwQbNF3F3cafaUiFKfg4bPyWn0j1,شيمى,XOx4OEuuUZbdNz58VOQM4JliGus1,شيمة,gXTJZjzYIXfFDZtYO5OAw0XBMiU2,شيمة,nMeMaYxhlwXlm4FWvHQt7Kaakr82,شيلة,pKglcfQ7jaUbkEreh4aNGJ3ZAhq1,شيمة
تَشازَر,2tUqVuRLSvZ1fKB34xSmmuJYvhr2,تشازر,7ufW8HufEvZWeL4UF3c8ZMdVL8x1,تشجارة,JCZBRuBzVlTMICdtlmlhjuq4g4g2,تشازر,P24SY11mpCMuVMHHaxRQs6vXywy1,تشازر,m44Q5JmPHfhZEm8jjytZWYQVByr2,تشزل,qAPapD1boJQHOonmlrH6CQvYBsj1,تشاسار
مَشْرُوع,50F5dwtdddhH54cCjarRp43Korp2,مشرع,66Mtp85SOJbXbzqerjYxSrB8slF2,مسروة,QAKh6ymQKFgDj6n7DDaBGNqcDZQ2,مشروعا,TwQbNF3F3cafaUiFKfg4bPyWn0j1,مشروع,iwsOqLOQVOSYKMCW30iSK40GrZH3,مشروة,nMeMaYxhlwXlm4FWvHQt7Kaakr82,مشروع
زَهِيد,0nGiVljOjHSAnhHpH19KT2t8IXy1,زهيد,66Mtp85SOJbXbzqerjYxSrB8slF2,زهيد,P24SY11mpCMuVMHHaxRQs6vXywy1,زحيد,Pi40HzE66kMgAnFkWRDQRAOgiUi1,زهيد,TwQbNF3F3cafaUiFKfg4bPyWn0j1,زهيد,nMeMaYxhlwXlm4FWvHQt7Kaakr82,زهيد,zuhl0VgsLQQrdNuXSRPGA1hKdho1,ساحيد
بَرِيق,0nGiVljOjHSAnhHpH19KT2t8IXy1,بريق,3tCpPOYPsCUdicDjBYJxW9vGfgj2,بريق,XOx4OEuuUZbdNz58VOQM4JliGus1,بريق,gXTJZjzYIXfFDZtYO5OAw0XBMiU2,بريق,m44Q5JmPHfhZEm8jjytZWYQVByr2,بليق,nMeMaYxhlwXlm4FWvHQt7Kaakr82,بريق,wgVwGL41WHYFTybDA4AWlZTCrns1,بريق
مُمَثِّل,3tCpPOYPsCUdicDjBYJxW9vGfgj2,ممثل,5HM1VvkUlabbK1p4yE5eKaEB7XP2,ممفسل,JCZBRuBzVlTMICdtlmlhjuq4g4g2,ممثل,pKglcfQ7jaUbkEreh4aNGJ3ZAhq1,مومافل,r2bkl9BHYSh4AzcPGuwSi21rDWC2,مماسيل
اِرْتِجالِيَّة,0nGiVljOjHSAnhHpH19KT2t8IXy1,ارتجالية,50F5dwtdddhH54cCjarRp43Korp2,أرتجالية,6INXhpXg6PMrc1X6DUP6g6po7M12,ارتجالية,N93fWkm2CzcotDG1qDjrX4bsMFx2,ارتجالية,X7tTUctfjleYqNhxsxUjlIAytrv1,إرتجالية,iwsOqLOQVOSYKMCW30iSK40GrZH3,ارتيجانية
مَلارِيا,2tUqVuRLSvZ1fKB34xSmmuJYvhr2,ملاريا,6INXhpXg6PMrc1X6DUP6g6po7M12,ملاريا,7e2jltTPz2NCI14esaf5iDfGyUk1,مارية,Pi40HzE66kMgAnFkWRDQRAOgiUi1,مرارية,QAKh6ymQKFgDj6n7DDaBGNqcDZQ2,ملاريعة,md1x3diYgOfz6Qy1o8ARTWjERID3,بلادية,zuhl0VgsLQQrdNuXSRPGA1hKdho1,ملارية
شارِح,Np3DftSUFTW0CyOFRYdWIqt9pW92,شارح,QAKh6ymQKFgDj6n7DDaBGNqcDZQ2,شاره,X7tTUctfjleYqNhxsxUjlIAytrv1,شارح,gXTJZjzYIXfFDZtYO5OAw0XBMiU2,شارأح,md1x3diYgOfz6Qy1o8ARTWjERID3,شهراء,r2bkl9BHYSh4AzcPGuwSi21rDWC2,شارع
كاراتِيه,0nGiVljOjHSAnhHpH19KT2t8IXy1,كراتيه,3b8QgBWODObUoZkkOHnd3TWjzQf2,كراتك,66Mtp85SOJbXbzqerjYxSrB8slF2,كاراتي,X7tTUctfjleYqNhxsxUjlIAytrv1,كراتي,gXTJZjzYIXfFDZtYO5OAw0XBMiU2,كراتة,iwsOqLOQVOSYKMCW30iSK40GrZH3,كراتى
فَتَّت,0nGiVljOjHSAnhHpH19KT2t8IXy1,ثتت,Pi40HzE66kMgAnFkWRDQRAOgiUi1,ثدت,XOx4OEuuUZbdNz58VOQM4JliGus1,ثأدد,gXTJZjzYIXfFDZtYO5OAw0XBMiU2,فاءطد,md1x3diYgOfz6Qy1o8ARTWjERID3,فتحد,wgVwGL41WHYFTybDA4AWlZTCrns1,فطد
دَرَكِيّ,2TcxLEOTBKYAURXoKZPIkDQnipE2,دركي,5HM1VvkUlabbK1p4yE5eKaEB7XP2,بركي,X7tTUctfjleYqNhxsxUjlIAytrv1,دركي,pKglcfQ7jaUbkEreh4aNGJ3ZAhq1,بركي,r2bkl9BHYSh4AzcPGuwSi21rDWC2,باركي,wY9nLxfvecNw99lS9Wx0pT9YLcj1,بركي
بانُوراما,2tUqVuRLSvZ1fKB34xSmmuJYvhr2,بانوراما,6INXhpXg6PMrc1X6DUP6g6po7M12,بنوراما,Np3DftSUFTW0CyOFRYdWIqt9pW92,بنورام,TwQbNF3F3cafaUiFKfg4bPyWn0j1,بانورامى,X7tTUctfjleYqNhxsxUjlIAytrv1,بنوراما,nMeMaYxhlwXlm4FWvHQt7Kaakr82,بانوراما,zuhl0VgsLQQrdNuXSRPGA1hKdho1,بنورامة
اِسْتَدْفَع,2TcxLEOTBKYAURXoKZPIkDQnipE2,استدفع,2tUqVuRLSvZ1fKB34xSmmuJYvhr2,استدفع,JCZBRuBzVlTMICdtlmlhjuq4g4g2,ستتفع,Np3DftSUFTW0CyOFRYdWIqt9pW92,سدتفع,P24SY11mpCMuVMHHaxRQs6vXywy1,ستهة,md1x3diYgOfz6Qy1o8ARTWjERID3,ستيتفع
تَبْعِيد,2TcxLEOTBKYAURXoKZPIkDQnipE2,تبعيد,2tUqVuRLSvZ1fKB34xSmmuJYvhr2,تبعيد,5HM1VvkUlabbK1p4yE5eKaEB7XP2,ظبيد,JCZBRuBzVlTMICdtlmlhjuq4g4g2,تبعيد,P24SY11mpCMuVMHHaxRQs6vXywy1,تبيد,X7tTUctfjleYqNhxsxUjlIAytrv1,تبعيد,m44Q5JmPHfhZEm8jjytZWYQVByr2,كبيد,r2bkl9BHYSh4AzcPGuwSi21rDWC2,طابيد,wgVwGL41WHYFTybDA4AWlZTCrns1,تبيد
أَرَقّ,3b8QgBWODObUoZkkOHnd3TWjzQf2,عرق,3tCpPOYPsCUdicDjBYJxW9vGfgj2,ارق,QAKh6ymQKFgDj6n7DDaBGNqcDZQ2,عرق,gXTJZjzYIXfFDZtYO5OAw0XBMiU2,أرق,nMeMaYxhlwXlm4FWvHQt7Kaakr82,ارق,r2bkl9BHYSh4AzcPGuwSi21rDWC2,أرق
نِكْل,0nGiVljOjHSAnhHpH19KT2t8IXy1,نكل,3b8QgBWODObUoZkkOHnd3TWjzQf2,نكل,6INXhpXg6PMrc1X6DUP6g6po7M12,نكل,X7tTUctfjleYqNhxsxUjlIAytrv1,نكل,gXTJZjzYIXfFDZtYO5OAw0XBMiU2,نكل,pKglcfQ7jaUbkEreh4aNGJ3ZAhq1,نكل
اِمْتَدَح,5HM1VvkUlabbK1p4yE5eKaEB7XP2,امتدح,N93fWkm2CzcotDG1qDjrX4bsMFx2,امتدح,gXTJZjzYIXfFDZtYO5OAw0XBMiU2,إمتدح,nMeMaYxhlwXlm4FWvHQt7Kaakr82,امتضح,wY9nLxfvecNw99lS9Wx0pT9YLcj1,إمتدح,zuhl0VgsLQQrdNuXSRPGA1hKdho1,إمتذح
حِمَى,N93fWkm2CzcotDG1qDjrX4bsMFx2,حمة,XOx4OEuuUZbdNz58VOQM4JliGus1,حمة,ixzh0eq0UKPrhqgKTEKMyDjaBdj1,حمة,pKglcfQ7jaUbkEreh4aNGJ3ZAhq1,هيمة,r2bkl9BHYSh4AzcPGuwSi21rDWC2,حيما
نَجِس,50F5dwtdddhH54cCjarRp43Korp2,نجس,Np3DftSUFTW0CyOFRYdWIqt9pW92,نجس,iwsOqLOQVOSYKMCW30iSK40GrZH3,ناجس,qAPapD1boJQHOonmlrH6CQvYBsj1,ناجيس,wY9nLxfvecNw99lS9Wx0pT9YLcj1,نجس,wgVwGL41WHYFTybDA4AWlZTCrns1,نجس
تَفَخَّر,0nGiVljOjHSAnhHpH19KT2t8IXy1,تفخر,3b8QgBWODObUoZkkOHnd3TWjzQf2,تفخرح,N93fWkm2CzcotDG1qDjrX4bsMFx2,تفخر,TwQbNF3F3cafaUiFKfg4bPyWn0j1,تفخر,iwsOqLOQVOSYKMCW30iSK40GrZH3,طفحار,wgVwGL41WHYFTybDA4AWlZTCrns1,تفخر
دَوايَة,3tCpPOYPsCUdicDjBYJxW9vGfgj2,دواي,50F5dwtdddhH54cCjarRp43Korp2,تواية,66Mtp85SOJbXbzqerjYxSrB8slF2,طواية,7ufW8HufEvZWeL4UF3c8ZMdVL8x1,طاواية,iwsOqLOQVOSYKMCW30iSK40GrZH3,دواية,qAPapD1boJQHOonmlrH6CQvYBsj1,دواييا
رَواغ,2TcxLEOTBKYAURXoKZPIkDQnipE2,راوغ,Np3DftSUFTW0CyOFRYdWIqt9pW92,رواخ,P24SY11mpCMuVMHHaxRQs6vXywy1,روخ,gXTJZjzYIXfFDZtYO5OAw0XBMiU2,روغ,md1x3diYgOfz6Qy1o8ARTWjERID3,روف,wgVwGL41WHYFTybDA4AWlZTCrns1,رواز
مَزْق,3tCpPOYPsCUdicDjBYJxW9vGfgj2,مزق,5HM1VvkUlabbK1p4yE5eKaEB7XP2,مسق,7e2jltTPz2NCI14esaf5iDfGyUk1,مسح,Pi40HzE66kMgAnFkWRDQRAOgiUi1,مست,TwQbNF3F3cafaUiFKfg4bPyWn0j1,مزق,r2bkl9BHYSh4AzcPGuwSi21rDWC2,مسك
تَحَسُّر,50F5dwtdddhH54cCjarRp43Korp2,تحسر,6INXhpXg6PMrc1X6DUP6g6po7M12,تحصر,Np3DftSUFTW0CyOFRYdWIqt9pW92,تحصول,QAKh6ymQKFgDj6n7DDaBGNqcDZQ2,تحصر,wY9nLxfvecNw99lS9Wx0pT9YLcj1,تحسر,zuhl0VgsLQQrdNuXSRPGA1hKdho1,تحاسر
خايَر,2tUqVuRLSvZ1fKB34xSmmuJYvhr2,واضح,6INXhpXg6PMrc1X6DUP6g6po7M12,خاير,N93fWkm2CzcotDG1qDjrX4bsMFx2,خاير,XOx4OEuuUZbdNz58VOQM4JliGus1,خاير,pKglcfQ7jaUbkEreh4aNGJ3ZAhq1,خاير,r2bkl9BHYSh4AzcPGuwSi21rDWC2,حايار
جِيفِيّ,6INXhpXg6PMrc1X6DUP6g6po7M12,جيفي,X7tTUctfjleYqNhxsxUjlIAytrv1,جيفي,XOx4OEuuUZbdNz58VOQM4JliGus1,يفي,qAPapD1boJQHOonmlrH6CQvYBsj1,يفي,wY9nLxfvecNw99lS9Wx0pT9YLcj1,ليفي,wgVwGL41WHYFTybDA4AWlZTCrns1,جفي
مُوجَز,Np3DftSUFTW0CyOFRYdWIqt9pW92,موجز,P24SY11mpCMuVMHHaxRQs6vXywy1,موجز,PftUkxhmGyQtVP3GkWwRB0c1ynY2,موجس,iwsOqLOQVOSYKMCW30iSK40GrZH3,موجس,r2bkl9BHYSh4AzcPGuwSi21rDWC2,مخز,wgVwGL41WHYFTybDA4AWlZTCrns1,موجز
حَظَر,2tUqVuRLSvZ1fKB34xSmmuJYvhr2,حظر,TwQbNF3F3cafaUiFKfg4bPyWn0j1,هظر,X7tTUctfjleYqNhxsxUjlIAytrv1,حظر,gXTJZjzYIXfFDZtYO5OAw0XBMiU2,حبر,m44Q5JmPHfhZEm8jjytZWYQVByr2,حبر,nMeMaYxhlwXlm4FWvHQt7Kaakr82,حذر,r2bkl9BHYSh4AzcPGuwSi21rDWC2,حذر
عُصْفُور,2tUqVuRLSvZ1fKB34xSmmuJYvhr2,عصفور,5HM1VvkUlabbK1p4yE5eKaEB7XP2,اسحور,JCZBRuBzVlTMICdtlmlhjuq4g4g2,أصحور,Np3DftSUFTW0CyOFRYdWIqt9pW92,وسفول,XOx4OEuuUZbdNz58VOQM4JliGus1,اسفور,zuhl0VgsLQQrdNuXSRPGA1hKdho1,اصفور
تَضْمِين,3tCpPOYPsCUdicDjBYJxW9vGfgj2,تضمين,66Mtp85SOJbXbzqerjYxSrB8slF2,ببمين,7e2jltTPz2NCI14esaf5iDfGyUk1,ببمن,N93fWkm2CzcotDG1qDjrX4bsMFx2,طبمين,P24SY11mpCMuVMHHaxRQs6vXywy1,تبمين,pKglcfQ7jaUbkEreh4aNGJ3ZAhq1,تابمين,wgVwGL41WHYFTybDA4AWlZTCrns1,تبنين
مُتَآكِل,50F5dwtdddhH54cCjarRp43Korp2,متأكل,5HM1VvkUlabbK1p4yE5eKaEB7XP2,متاكن,6INXhpXg6PMrc1X6DUP6g6po7M12,متأكل,Np3DftSUFTW0CyOFRYdWIqt9pW92,متعاقر,gXTJZjzYIXfFDZtYO5OAw0XBMiU2,متوأكن,nMeMaYxhlwXlm4FWvHQt7Kaakr82,متأكل,pKglcfQ7jaUbkEreh4aNGJ3ZAhq1,متاكل
بَطَل,2TcxLEOTBKYAURXoKZPIkDQnipE2,بطل,7e2jltTPz2NCI14esaf5iDfGyUk1,بتل,N93fWkm2CzcotDG1qDjrX4bsMFx2,بطل,XOx4OEuuUZbdNz58VOQM4JliGus1,باتاق,md1x3diYgOfz6Qy1o8ARTWjERID3,بطل,wY9nLxfvecNw99lS9Wx0pT9YLcj1,بطل,wgVwGL41WHYFTybDA4AWlZTCrns1,بطل
قَمْشَة,3tCpPOYPsCUdicDjBYJxW9vGfgj2,قمشة,50F5dwtdddhH54cCjarRp43Korp2,قمشة,7e2jltTPz2NCI14esaf5iDfGyUk1,امشة,7ufW8HufEvZWeL4UF3c8ZMdVL8x1,كمشة,N93fWkm2CzcotDG1qDjrX4bsMFx2,قمشة,m44Q5JmPHfhZEm8jjytZWYQVByr2,كمشة
إِرْهابِيّ,2tUqVuRLSvZ1fKB34xSmmuJYvhr2,ارهابي,50F5dwtdddhH54cCjarRp43Korp2,أرهبي,P24SY11mpCMuVMHHaxRQs6vXywy1,ارحبي,Pi40HzE66kMgAnFkWRDQRAOgiUi1,عرهبي,TwQbNF3F3cafaUiFKfg4bPyWn0j1,إرهابي,pKglcfQ7jaUbkEreh4aNGJ3ZAhq1,أرهبي
اِطَّلَع,2tUqVuRLSvZ1fKB34xSmmuJYvhr2,اطلع,3b8QgBWODObUoZkkOHnd3TWjzQf2,اقلا,TwQbNF3F3cafaUiFKfg4bPyWn0j1,إقطلع,gXTJZjzYIXfFDZtYO5OAw0XBMiU2,إقلة,nMeMaYxhlwXlm4FWvHQt7Kaakr82,طلعة,zuhl0VgsLQQrdNuXSRPGA1hKdho1,إءكلة
خَتَم,66Mtp85SOJbXbzqerjYxSrB8slF2,خدم,6INXhpXg6PMrc1X6DUP6g6po7M12,حتم,7ufW8HufEvZWeL4UF3c8ZMdVL8x1,حتم,JCZBRuBzVlTMICdtlmlhjuq4g4g2,حتم,QAKh6ymQKFgDj6n7DDaBGNqcDZQ2,حتم,m44Q5JmPHfhZEm8jjytZWYQVByr2,حتم
مُكْرَى,3tCpPOYPsCUdicDjBYJxW9vGfgj2,مكرى,66Mtp85SOJbXbzqerjYxSrB8slF2,مكرعة,Np3DftSUFTW0CyOFRYdWIqt9pW92,مقراة,QAKh6ymQKFgDj6n7DDaBGNqcDZQ2,مقرة,iwsOqLOQVOSYKMCW30iSK40GrZH3,موقرة,r2bkl9BHYSh4AzcPGuwSi21rDWC2,موكرا
صَوْغ,3tCpPOYPsCUdicDjBYJxW9vGfgj2,صوغ,5HM1VvkUlabbK1p4yE5eKaEB7XP2,صوغ,7e2jltTPz2NCI14esaf5iDfGyUk1,ساو,7ufW8HufEvZWeL4UF3c8ZMdVL8x1,صاوغ,XOx4OEuuUZbdNz58VOQM4JliGus1,ساوغ,md1x3diYgOfz6Qy1o8ARTWjERID3,طاوغ,qAPapD1boJQHOonmlrH6CQvYBsj1,صوغ
مِران,0nGiVljOjHSAnhHpH19KT2t8IXy1,ميران,3b8QgBWODObUoZkkOHnd3TWjzQf2,مران,Np3DftSUFTW0CyOFRYdWIqt9pW92,ميران,TwQbNF3F3cafaUiFKfg4bPyWn0j1,مران,gXTJZjzYIXfFDZtYO5OAw0XBMiU2,مران,nMeMaYxhlwXlm4FWvHQt7Kaakr82,مران,zuhl0VgsLQQrdNuXSRPGA1hKdho1,ميران
اِنْتِفاء,0nGiVljOjHSAnhHpH19KT2t8IXy1,انتفاء,3b8QgBWODObUoZkkOHnd3TWjzQf2,موتيف,N93fWkm2CzcotDG1qDjrX4bsMFx2,متفاء,TwQbNF3F3cafaUiFKfg4bPyWn0j1,يكفاء,gXTJZjzYIXfFDZtYO5OAw0XBMiU2,يتفة,nMeMaYxhlwXlm4FWvHQt7Kaakr82,انتفى,zuhl0VgsLQQrdNuXSRPGA1hKdho1,متفة
طُرُمْبَة,Np3DftSUFTW0CyOFRYdWIqt9pW92,تلوب,QAKh6ymQKFgDj6n7DDaBGNqcDZQ2,درومبة,ixzh0eq0UKPrhqgKTEKMyDjaBdj1,ترمبة,qAPapD1boJQHOonmlrH6CQvYBsj1,تومبا,r2bkl9BHYSh4AzcPGuwSi21rDWC2,ترومب,wY9nLxfvecNw99lS9Wx0pT9YLcj1,تمبة
مُتَخَرِّج,2TcxLEOTBKYAURXoKZPIkDQnipE2,متحرج,3tCpPOYPsCUdicDjBYJxW9vGfgj2,وتخرج,66Mtp85SOJbXbzqerjYxSrB8slF2,متحرج,7e2jltTPz2NCI14esaf5iDfGyUk1,متحرج,JCZBRuBzVlTMICdtlmlhjuq4g4g2,متخرج,zuhl0VgsLQQrdNuXSRPGA1hKdho1,متحاريج
فِرْدَوْسِيّ,3b8QgBWODObUoZkkOHnd3TWjzQf2,فردوسي,6INXhpXg6PMrc1X6DUP6g6po7M12,فردوسي,7e2jltTPz2NCI14esaf5iDfGyUk1,فلضوسي,Np3DftSUFTW0CyOFRYdWIqt9pW92,فردوازي,gXTJZjzYIXfFDZtYO5OAw0XBMiU2,فردوسي,iwsOqLOQVOSYKMCW30iSK40GrZH3,فرضوسي
عِقادَة,2TcxLEOTBKYAURXoKZPIkDQnipE2,عيقادة,7ufW8HufEvZWeL4UF3c8ZMdVL8x1,أ,Np3DftSUFTW0CyOFRYdWIqt9pW92,عقاط,iwsOqLOQVOSYKMCW30iSK40GrZH3,عقادة,ixzh0eq0UKPrhqgKTEKMyDjaBdj1,عقادة,qAPapD1boJQHOonmlrH6CQvYBsj1,ايقاضة
تَخَلَّق,3tCpPOYPsCUdicDjBYJxW9vGfgj2,تخلق,50F5dwtdddhH54cCjarRp43Korp2,تخلك,66Mtp85SOJbXbzqerjYxSrB8slF2,تخلق,6INXhpXg6PMrc1X6DUP6g6po7M12,تخلق,7ufW8HufEvZWeL4UF3c8ZMdVL8x1,طغلاك,N93fWkm2CzcotDG1qDjrX4bsMFx2,تخلق,iwsOqLOQVOSYKMCW30iSK40GrZH3,تخلاق,wgVwGL41WHYFTybDA4AWlZTCrns1,تخلك
عَقّ,2tUqVuRLSvZ1fKB34xSmmuJYvhr2,مخاب,6INXhpXg6PMrc1X6DUP6g6po7M12,عق,7e2jltTPz2NCI14esaf5iDfGyUk1,اخ,Pi40HzE66kMgAnFkWRDQRAOgiUi1,عاق,QAKh6ymQKFgDj6n7DDaBGNqcDZQ2,أق,X7tTUctfjleYqNhxsxUjlIAytrv1,عق,md1x3diYgOfz6Qy1o8ARTWjERID3,أعق,zuhl0VgsLQQrdNuXSRPGA1hKdho1,أعق
وَجَب,2TcxLEOTBKYAURXoKZPIkDQnipE2,وجب,66Mtp85SOJbXbzqerjYxSrB8slF2,وجب,7e2jltTPz2NCI14esaf5iDfGyUk1,واجب,X7tTUctfjleYqNhxsxUjlIAytrv1,وجب,XOx4OEuuUZbdNz58VOQM4JliGus1,واجب,pKglcfQ7jaUbkEreh4aNGJ3ZAhq1,واجب
حِلّ,2tUqVuRLSvZ1fKB34xSmmuJYvhr2,حلم,Np3DftSUFTW0CyOFRYdWIqt9pW92,حر,QAKh6ymQKFgDj6n7DDaBGNqcDZQ2,هل,X7tTUctfjleYqNhxsxUjlIAytrv1,حل,XOx4OEuuUZbdNz58VOQM4JliGus1,حل,m44Q5JmPHfhZEm8jjytZWYQVByr2,حل
كَحْكَحَة,Np3DftSUFTW0CyOFRYdWIqt9pW92,قخقخة,Pi40HzE66kMgAnFkWRDQRAOgiUi1,كحكح,gXTJZjzYIXfFDZtYO5OAw0XBMiU2,كحكحة,iwsOqLOQVOSYKMCW30iSK40GrZH3,كهك,ixzh0eq0UKPrhqgKTEKMyDjaBdj1,كحكحة,qAPapD1boJQHOonmlrH6CQvYBsj1,تاهتاهة
هَبْر,2tUqVuRLSvZ1fKB34xSmmuJYvhr2,هبر,3b8QgBWODObUoZkkOHnd3TWjzQf2,حب,50F5dwtdddhH54cCjarRp43Korp2,هبر,5HM1VvkUlabbK1p4yE5eKaEB7XP2,هبر,gXTJZjzYIXfFDZtYO5OAw0XBMiU2,هابر,nMeMaYxhlwXlm4FWvHQt7Kaakr82,حبر
واهِم,3tCpPOYPsCUdicDjBYJxW9vGfgj2,واهم,5HM1VvkUlabbK1p4yE5eKaEB7XP2,وهم,JCZBRuBzVlTMICdtlmlhjuq4g4g2,واهم,P24SY11mpCMuVMHHaxRQs6vXywy1,واحم,XOx4OEuuUZbdNz58VOQM4JliGus1,واحم,md1x3diYgOfz6Qy1o8ARTWjERID3,واهم,zuhl0VgsLQQrdNuXSRPGA1hKdho1,واهم
تَغَوُّط,0nGiVljOjHSAnhHpH19KT2t8IXy1,تذوط,3b8QgBWODObUoZkkOHnd3TWjzQf2,تعوت,N93fWkm2CzcotDG1qDjrX4bsMFx2,تغوت,Np3DftSUFTW0CyOFRYdWIqt9pW92,تضود,TwQbNF3F3cafaUiFKfg4bPyWn0j1,تظوت,gXTJZjzYIXfFDZtYO5OAw0XBMiU2,ققوت,nMeMaYxhlwXlm4FWvHQt7Kaakr82,تذوبرت
حُزْن,2TcxLEOTBKYAURXoKZPIkDQnipE2,حزن,3b8QgBWODObUoZkkOHnd3TWjzQf2,حوزن,3tCpPOYPsCUdicDjBYJxW9vGfgj2,حزن,66Mtp85SOJbXbzqerjYxSrB8slF2,حوزن,XOx4OEuuUZbdNz58VOQM4JliGus1,حوسن
نَدِيّ,0nGiVljOjHSAnhHpH19KT2t8IXy1,ندي,3b8QgBWODObUoZkkOHnd3TWjzQf2,ندي,JCZBRuBzVlTMICdtlmlhjuq4g4g2,ندي,gXTJZjzYIXfFDZtYO5OAw0XBMiU2,ندي,md1x3diYgOfz6Qy1o8ARTWjERID3,نداي,nMeMaYxhlwXlm4FWvHQt7Kaakr82,ندي,zuhl0VgsLQQrdNuXSRPGA1hKdho1,نديح
أَرِب,3tCpPOYPsCUdicDjBYJxW9vGfgj2,ارب,50F5dwtdddhH54cCjarRp43Korp2,أرب,7ufW8HufEvZWeL4UF3c8ZMdVL8x1,أراب,Pi40HzE66kMgAnFkWRDQRAOgiUi1,ارب,QAKh6ymQKFgDj6n7DDaBGNqcDZQ2,أرب,ixzh0eq0UKPrhqgKTEKMyDjaBdj1,ارب,m44Q5JmPHfhZEm8jjytZWYQVByr2,عرب,qAPapD1boJQHOonmlrH6CQvYBsj1,عراب,wgVwGL41WHYFTybDA4AWlZTCrns1,ارب
تَفَتَّر,2tUqVuRLSvZ1fKB34xSmmuJYvhr2,توطر,6INXhpXg6PMrc1X6DUP6g6po7M12,تفتر,7e2jltTPz2NCI14esaf5iDfGyUk1,دفعدر,PftUkxhmGyQtVP3GkWwRB0c1ynY2,برفكتر,Pi40HzE66kMgAnFkWRDQRAOgiUi1,تفضل,X7tTUctfjleYqNhxsxUjlIAytrv1,تفكر,pKglcfQ7jaUbkEreh4aNGJ3ZAhq1,تفاتر,zuhl0VgsLQQrdNuXSRPGA1hKdho1,تفدر
مُسْتَوْرِد,0nGiVljOjHSAnhHpH19KT2t8IXy1,مستورد,3b8QgBWODObUoZkkOHnd3TWjzQf2,مستورد,JCZBRuBzVlTMICdtlmlhjuq4g4g2,وردمست,Pi40HzE66kMgAnFkWRDQRAOgiUi1,مستورد,gXTJZjzYIXfFDZtYO5OAw0XBMiU2,مصطورد,iwsOqLOQVOSYKMCW30iSK40GrZH3,موستوارت
خاطِرَة,2tUqVuRLSvZ1fKB34xSmmuJYvhr2,هاطر,6INXhpXg6PMrc1X6DUP6g6po7M12,حاطرة,Pi40HzE66kMgAnFkWRDQRAOgiUi1,هادر,X7tTUctfjleYqNhxsxUjlIAytrv1,خاطرة,r2bkl9BHYSh4AzcPGuwSi21rDWC2,حاتيرا,wgVwGL41WHYFTybDA4AWlZTCrns1,حاترة
اِعْتِقادِيَّة,3b8QgBWODObUoZkkOHnd3TWjzQf2,اعتقادية,Np3DftSUFTW0CyOFRYdWIqt9pW92,إكدقدى,TwQbNF3F3cafaUiFKfg4bPyWn0j1,إعتقادية,gXTJZjzYIXfFDZtYO5OAw0XBMiU2,هئتقتية,iwsOqLOQVOSYKMCW30iSK40GrZH3,هطقرية,nMeMaYxhlwXlm4FWvHQt7Kaakr82,إثتقادية
أَساغ,2TcxLEOTBKYAURXoKZPIkDQnipE2,اساغ,50F5dwtdddhH54cCjarRp43Korp2,أساغة,5HM1VvkUlabbK1p4yE5eKaEB7XP2,اسعق,X7tTUctfjleYqNhxsxUjlIAytrv1,أساغ,m44Q5JmPHfhZEm8jjytZWYQVByr2,اساة,qAPapD1boJQHOonmlrH6CQvYBsj1,اساب,wY9nLxfvecNw99lS9Wx0pT9YLcj1,أساغ
دَرَبُكَّة,3tCpPOYPsCUdicDjBYJxW9vGfgj2,دربكة,66Mtp85SOJbXbzqerjYxSrB8slF2,دربكة,7ufW8HufEvZWeL4UF3c8ZMdVL8x1,ترابوكة,JCZBRuBzVlTMICdtlmlhjuq4g4g2,دربك,XOx4OEuuUZbdNz58VOQM4JliGus1,داربوئكة,m44Q5JmPHfhZEm8jjytZWYQVByr2,دربكة,qAPapD1boJQHOonmlrH6CQvYBsj1,تارابوك,wgVwGL41WHYFTybDA4AWlZTCrns1,تربكة
زَمْط,2TcxLEOTBKYAURXoKZPIkDQnipE2,زمط,2tUqVuRLSvZ1fKB34xSmmuJYvhr2,شجي,50F5dwtdddhH54cCjarRp43Korp2,زمت,6INXhpXg6PMrc1X6DUP6g6po7M12,زمت,N93fWkm2CzcotDG1qDjrX4bsMFx2,زمت,pKglcfQ7jaUbkEreh4aNGJ3ZAhq1,زانت
اِرْتَسَم,2tUqVuRLSvZ1fKB34xSmmuJYvhr2,عجيني,6INXhpXg6PMrc1X6DUP6g6po7M12,ارطصم,Pi40HzE66kMgAnFkWRDQRAOgiUi1,ارتسم,QAKh6ymQKFgDj6n7DDaBGNqcDZQ2,إرطسم,X7tTUctfjleYqNhxsxUjlIAytrv1,إرتسم,r2bkl9BHYSh4AzcPGuwSi21rDWC2,إرتسان,wgVwGL41WHYFTybDA4AWlZTCrns1,ارتسم
مُراهَقَة,6INXhpXg6PMrc1X6DUP6g6po7M12,مراحقة,7ufW8HufEvZWeL4UF3c8ZMdVL8x1,موراهقة,JCZBRuBzVlTMICdtlmlhjuq4g4g2,مراحق,QAKh6ymQKFgDj6n7DDaBGNqcDZQ2,مرحقاع,m44Q5JmPHfhZEm8jjytZWYQVByr2,موراحة,r2bkl9BHYSh4AzcPGuwSi21rDWC2,مرحقا
دَمْع,2TcxLEOTBKYAURXoKZPIkDQnipE2,دمع,2tUqVuRLSvZ1fKB34xSmmuJYvhr2,نبأ,6INXhpXg6PMrc1X6DUP6g6po7M12,دماة,7e2jltTPz2NCI14esaf5iDfGyUk1,دماء,7ufW8HufEvZWeL4UF3c8ZMdVL8x1,دامار,P24SY11mpCMuVMHHaxRQs6vXywy1,دمة,X7tTUctfjleYqNhxsxUjlIAytrv1,دمع,iwsOqLOQVOSYKMCW30iSK40GrZH3,رانع,wgVwGL41WHYFTybDA4AWlZTCrns1,تماء
عَدّاد,3b8QgBWODObUoZkkOHnd3TWjzQf2,عدة,3tCpPOYPsCUdicDjBYJxW9vGfgj2,عداد,gXTJZjzYIXfFDZtYO5OAw0XBMiU2,عادد,nMeMaYxhlwXlm4FWvHQt7Kaakr82,عدات,pKglcfQ7jaUbkEreh4aNGJ3ZAhq1,عداد,zuhl0VgsLQQrdNuXSRPGA1hKdho1,أدءاد
شَمِّيّ,3b8QgBWODObUoZkkOHnd3TWjzQf2,شمي,TwQbNF3F3cafaUiFKfg4bPyWn0j1,شمي,X7tTUctfjleYqNhxsxUjlIAytrv1,شمي,wY9nLxfvecNw99lS9Wx0pT9YLcj1,شمي,zuhl0VgsLQQrdNuXSRPGA1hKdho1,شامي
الَّذِي,50F5dwtdddhH54cCjarRp43Korp2,ألذي,Pi40HzE66kMgAnFkWRDQRAOgiUi1,الذي,X7tTUctfjleYqNhxsxUjlIAytrv1,الذي,gXTJZjzYIXfFDZtYO5OAw0XBMiU2,ألافي,wY9nLxfvecNw99lS9Wx0pT9YLcj1,الذي
آصِرَة,2tUqVuRLSvZ1fKB34xSmmuJYvhr2,اثر,5HM1VvkUlabbK1p4yE5eKaEB7XP2,عثلة,6INXhpXg6PMrc1X6DUP6g6po7M12,عاصرة,7ufW8HufEvZWeL4UF3c8ZMdVL8x1,أسيرة,P24SY11mpCMuVMHHaxRQs6vXywy1,اسرة,XOx4OEuuUZbdNz58VOQM4JliGus1,عيرة,ixzh0eq0UKPrhqgKTEKMyDjaBdj1,آسرة,pKglcfQ7jaUbkEreh4aNGJ3ZAhq1,أصيرة,zuhl0VgsLQQrdNuXSRPGA1hKdho1,عسرة
ثامِن,0nGiVljOjHSAnhHpH19KT2t8IXy1,ثامن,3b8QgBWODObUoZkkOHnd3TWjzQf2,تامن,N93fWkm2CzcotDG1qDjrX4bsMFx2,ثامن,P24SY11mpCMuVMHHaxRQs6vXywy1,فعامن,TwQbNF3F3cafaUiFKfg4bPyWn0j1,ثامن,pKglcfQ7jaUbkEreh4aNGJ3ZAhq1,فامن
اِنْدَلَع,2tUqVuRLSvZ1fKB34xSmmuJYvhr2,اندلع,7e2jltTPz2NCI14esaf5iDfGyUk1,اندلة,PftUkxhmGyQtVP3GkWwRB0c1ynY2,انضال,Pi40HzE66kMgAnFkWRDQRAOgiUi1,اندلة,X7tTUctfjleYqNhxsxUjlIAytrv1,إندلع,pKglcfQ7jaUbkEreh4aNGJ3ZAhq1,إندالة,wgVwGL41WHYFTybDA4AWlZTCrns1,اندلة
ذُبّان,2TcxLEOTBKYAURXoKZPIkDQnipE2,ذبان,5HM1VvkUlabbK1p4yE5eKaEB7XP2,طقبن,6INXhpXg6PMrc1X6DUP6g6po7M12,دبان,7e2jltTPz2NCI14esaf5iDfGyUk1,طبن,N93fWkm2CzcotDG1qDjrX4bsMFx2,ذبان,P24SY11mpCMuVMHHaxRQs6vXywy1,صبان,X7tTUctfjleYqNhxsxUjlIAytrv1,ذبان,pKglcfQ7jaUbkEreh4aNGJ3ZAhq1,ظوبان,r2bkl9BHYSh4AzcPGuwSi21rDWC2,لوبان
حامِل,JCZBRuBzVlTMICdtlmlhjuq4g4g2,هامل,Np3DftSUFTW0CyOFRYdWIqt9pW92,حامر,QAKh6ymQKFgDj6n7DDaBGNqcDZQ2,حامل,md1x3diYgOfz6Qy1o8ARTWjERID3,هامل,wY9nLxfvecNw99lS9Wx0pT9YLcj1,حامل,wgVwGL41WHYFTybDA4AWlZTCrns1,حمل
تَبَرَّج,50F5dwtdddhH54cCjarRp43Korp2,تبرج,5HM1VvkUlabbK1p4yE5eKaEB7XP2,طبرج,6INXhpXg6PMrc1X6DUP6g6po7M12,تبرج,7e2jltTPz2NCI14esaf5iDfGyUk1,تبرج,JCZBRuBzVlTMICdtlmlhjuq4g4g2,تبرج,P24SY11mpCMuVMHHaxRQs6vXywy1,تبرخ,md1x3diYgOfz6Qy1o8ARTWjERID3,دبارخ,wY9nLxfvecNw99lS9Wx0pT9YLcj1,تبرج,zuhl0VgsLQQrdNuXSRPGA1hKdho1,تاباراج
راء,2lSg7qDaeyNaIpig17JKSu0DvKf1,راع,7e2jltTPz2NCI14esaf5iDfGyUk1,ر,7ufW8HufEvZWeL4UF3c8ZMdVL8x1,براء,JCZBRuBzVlTMICdtlmlhjuq4g4g2,راء,Pi40HzE66kMgAnFkWRDQRAOgiUi1,راء,XOx4OEuuUZbdNz58VOQM4JliGus1,برأ,m44Q5JmPHfhZEm8jjytZWYQVByr2,داء,wY9nLxfvecNw99lS9Wx0pT9YLcj1,راء
تَصْيِير,2tUqVuRLSvZ1fKB34xSmmuJYvhr2,تصوير,50F5dwtdddhH54cCjarRp43Korp2,قصير,QAKh6ymQKFgDj6n7DDaBGNqcDZQ2,قصير,X7tTUctfjleYqNhxsxUjlIAytrv1,قصير,md1x3diYgOfz6Qy1o8ARTWjERID3,قسير,zuhl0VgsLQQrdNuXSRPGA1hKdho1,كزير
اِنْفِصام,66Mtp85SOJbXbzqerjYxSrB8slF2,إنفسا,N93fWkm2CzcotDG1qDjrX4bsMFx2,انفصام,Np3DftSUFTW0CyOFRYdWIqt9pW92,امتسعم,gXTJZjzYIXfFDZtYO5OAw0XBMiU2,ضرفسون,nMeMaYxhlwXlm4FWvHQt7Kaakr82,انفسوم,pKglcfQ7jaUbkEreh4aNGJ3ZAhq1,إنفسام,wY9nLxfvecNw99lS9Wx0pT9YLcj1,إنفصام
تَسَمَّى,66Mtp85SOJbXbzqerjYxSrB8slF2,اسمة,7e2jltTPz2NCI14esaf5iDfGyUk1,اسمها,Pi40HzE66kMgAnFkWRDQRAOgiUi1,اسمة,md1x3diYgOfz6Qy1o8ARTWjERID3,ديمة,wY9nLxfvecNw99lS9Wx0pT9YLcj1,اسمى,zuhl0VgsLQQrdNuXSRPGA1hKdho1,إسامة
صَحارِي,66Mtp85SOJbXbzqerjYxSrB8slF2,سحاري,N93fWkm2CzcotDG1qDjrX4bsMFx2,صحاري,Pi40HzE66kMgAnFkWRDQRAOgiUi1,صحالي,QAKh6ymQKFgDj6n7DDaBGNqcDZQ2,صحري,iwsOqLOQVOSYKMCW30iSK40GrZH3,صحاري,ixzh0eq0UKPrhqgKTEKMyDjaBdj1,صحاري
تَسْبِيب,2tUqVuRLSvZ1fKB34xSmmuJYvhr2,تسريب,6INXhpXg6PMrc1X6DUP6g6po7M12,تصبيب,Np3DftSUFTW0CyOFRYdWIqt9pW92,طسبيب,X7tTUctfjleYqNhxsxUjlIAytrv1,تسبيب,XOx4OEuuUZbdNz58VOQM4JliGus1,تاسويب,md1x3diYgOfz6Qy1o8ARTWjERID3,تسويب
شَواذّ,0nGiVljOjHSAnhHpH19KT2t8IXy1,شواذ,50F5dwtdddhH54cCjarRp43Korp2,شواد,66Mtp85SOJbXbzqerjYxSrB8slF2,شواد,6INXhpXg6PMrc1X6DUP6g6po7M12,شواب,JCZBRuBzVlTMICdtlmlhjuq4g4g2,شولب,iwsOqLOQVOSYKMCW30iSK40GrZH3,شواد
رَهْو,0nGiVljOjHSAnhHpH19KT2t8IXy1,رهو,50F5dwtdddhH54cCjarRp43Korp2,رهو,66Mtp85SOJbXbzqerjYxSrB8slF2,رهوف,JCZBRuBzVlTMICdtlmlhjuq4g4g2,رحو,QAKh6ymQKFgDj6n7DDaBGNqcDZQ2,رحوب,TwQbNF3F3cafaUiFKfg4bPyWn0j1,رهو
عَفْوِيَّة,2tUqVuRLSvZ1fKB34xSmmuJYvhr2,عفوية,50F5dwtdddhH54cCjarRp43Korp2,عفوية,6INXhpXg6PMrc1X6DUP6g6po7M12,عفوية,7ufW8HufEvZWeL4UF3c8ZMdVL8x1,هثاوية,md1x3diYgOfz6Qy1o8ARTWjERID3,عفاوية,qAPapD1boJQHOonmlrH6CQvYBsj1,تافووا
وَقِيد,0nGiVljOjHSAnhHpH19KT2t8IXy1,وقيد,50F5dwtdddhH54cCjarRp43Korp2,وقيد,N93fWkm2CzcotDG1qDjrX4bsMFx2,وقيت,P24SY11mpCMuVMHHaxRQs6vXywy1,وكيد,qAPapD1boJQHOonmlrH6CQvYBsj1,غوكيد,wgVwGL41WHYFTybDA4AWlZTCrns1,لقيت
مُتَقاعِس,0nGiVljOjHSAnhHpH19KT2t8IXy1,متقاعص,3b8QgBWODObUoZkkOHnd3TWjzQf2,وتاقعس,TwQbNF3F3cafaUiFKfg4bPyWn0j1,متقائس,X7tTUctfjleYqNhxsxUjlIAytrv1,متقاعز,gXTJZjzYIXfFDZtYO5OAw0XBMiU2,قطقئس,nMeMaYxhlwXlm4FWvHQt7Kaakr82,متقائص,pKglcfQ7jaUbkEreh4aNGJ3ZAhq1,متقارس
أَخْفَت,3b8QgBWODObUoZkkOHnd3TWjzQf2,افت,Np3DftSUFTW0CyOFRYdWIqt9pW92,اخفت,Pi40HzE66kMgAnFkWRDQRAOgiUi1,اهفت,gXTJZjzYIXfFDZtYO5OAw0XBMiU2,أفحت,md1x3diYgOfz6Qy1o8ARTWjERID3,اخفت,nMeMaYxhlwXlm4FWvHQt7Kaakr82,تأحفط,zuhl0VgsLQQrdNuXSRPGA1hKdho1,اخفت
مُتَحارِب,0nGiVljOjHSAnhHpH19KT2t8IXy1,متحارب,N93fWkm2CzcotDG1qDjrX4bsMFx2,متحارب,TwQbNF3F3cafaUiFKfg4bPyWn0j1,متهارب,XOx4OEuuUZbdNz58VOQM4JliGus1,متحارب,pKglcfQ7jaUbkEreh4aNGJ3ZAhq1,متحارب,wY9nLxfvecNw99lS9Wx0pT9YLcj1,متحارب
مَفْلُوج,7ufW8HufEvZWeL4UF3c8ZMdVL8x1,مفلوج,N93fWkm2CzcotDG1qDjrX4bsMFx2,مفلوج,md1x3diYgOfz6Qy1o8ARTWjERID3,مفلوش,wY9nLxfvecNw99lS9Wx0pT9YLcj1,مفلوج,zuhl0VgsLQQrdNuXSRPGA1hKdho1,مفلوش
رَشْم,3b8QgBWODObUoZkkOHnd3TWjzQf2,رشم,TwQbNF3F3cafaUiFKfg4bPyWn0j1,راشم,X7tTUctfjleYqNhxsxUjlIAytrv1,راشم,pKglcfQ7jaUbkEreh4aNGJ3ZAhq1,راشم,wY9nLxfvecNw99lS9Wx0pT9YLcj1,رشم
تَمّ,3tCpPOYPsCUdicDjBYJxW9vGfgj2,تم,Np3DftSUFTW0CyOFRYdWIqt9pW92,تم,P24SY11mpCMuVMHHaxRQs6vXywy1,تم,gXTJZjzYIXfFDZtYO5OAw0XBMiU2,تم,nMeMaYxhlwXlm4FWvHQt7Kaakr82,تم,r2bkl9BHYSh4AzcPGuwSi21rDWC2,طم,zuhl0VgsLQQrdNuXSRPGA1hKdho1,تام
مَفْرُوش,2TcxLEOTBKYAURXoKZPIkDQnipE2,مفروش,50F5dwtdddhH54cCjarRp43Korp2,مصروش,7ufW8HufEvZWeL4UF3c8ZMdVL8x1,مسروش,TwQbNF3F3cafaUiFKfg4bPyWn0j1,مثروش,md1x3diYgOfz6Qy1o8ARTWjERID3,مسروش,zuhl0VgsLQQrdNuXSRPGA1hKdho1,مسروش
بَطْرَكْخانَة,3b8QgBWODObUoZkkOHnd3TWjzQf2,بتركحالة,3tCpPOYPsCUdicDjBYJxW9vGfgj2,بطرقخانة,XOx4OEuuUZbdNz58VOQM4JliGus1,باتركخانة,gXTJZjzYIXfFDZtYO5OAw0XBMiU2,بترقحنا,md1x3diYgOfz6Qy1o8ARTWjERID3,بتركعنة,nMeMaYxhlwXlm4FWvHQt7Kaakr82,بترقهانة
تَسَخَّى,2tUqVuRLSvZ1fKB34xSmmuJYvhr2,تسخى,6INXhpXg6PMrc1X6DUP6g6po7M12,تسخة,7ufW8HufEvZWeL4UF3c8ZMdVL8x1,تسغة,XOx4OEuuUZbdNz58VOQM4JliGus1,دسخغة,ixzh0eq0UKPrhqgKTEKMyDjaBdj1,تسخة,m44Q5JmPHfhZEm8jjytZWYQVByr2,تسح,qAPapD1boJQHOonmlrH6CQvYBsj1,تاساحة
أَهْلَك,50F5dwtdddhH54cCjarRp43Korp2,اهلك,66Mtp85SOJbXbzqerjYxSrB8slF2,احلك,7ufW8HufEvZWeL4UF3c8ZMdVL8x1,أحلاق,iwsOqLOQVOSYKMCW30iSK40GrZH3,احلاك,qAPapD1boJQHOonmlrH6CQvYBsj1,احلاك,wY9nLxfvecNw99lS9Wx0pT9YLcj1,أهلك
رَطِب,66Mtp85SOJbXbzqerjYxSrB8slF2,رطب,P24SY11mpCMuVMHHaxRQs6vXywy1,رطب,ixzh0eq0UKPrhqgKTEKMyDjaBdj1,راطب,m44Q5JmPHfhZEm8jjytZWYQVByr2,رتب,qAPapD1boJQHOonmlrH6CQvYBsj1,راقيب,wY9nLxfvecNw99lS9Wx0pT9YLcj1,رطب,wgVwGL41WHYFTybDA4AWlZTCrns1,رتب
تَعَسَّر,3tCpPOYPsCUdicDjBYJxW9vGfgj2,تعسر,50F5dwtdddhH54cCjarRp43Korp2,تأسر,QAKh6ymQKFgDj6n7DDaBGNqcDZQ2,ذسر,X7tTUctfjleYqNhxsxUjlIAytrv1,تعسر,iwsOqLOQVOSYKMCW30iSK40GrZH3,تعسر,zuhl0VgsLQQrdNuXSRPGA1hKdho1,تعسر
وَطاء,2tUqVuRLSvZ1fKB34xSmmuJYvhr2,تنويم,6INXhpXg6PMrc1X6DUP6g6po7M12,وطاء,7e2jltTPz2NCI14esaf5iDfGyUk1,وتاء,7ufW8HufEvZWeL4UF3c8ZMdVL8x1,واتاء,QAKh6ymQKFgDj6n7DDaBGNqcDZQ2,وطعت,pKglcfQ7jaUbkEreh4aNGJ3ZAhq1,واتاء
اِنْكِباب,2TcxLEOTBKYAURXoKZPIkDQnipE2,انكباب,7e2jltTPz2NCI14esaf5iDfGyUk1,ينكبب,Np3DftSUFTW0CyOFRYdWIqt9pW92,انكباب,gXTJZjzYIXfFDZtYO5OAw0XBMiU2,إنكبا,md1x3diYgOfz6Qy1o8ARTWjERID3,إنكبب,nMeMaYxhlwXlm4FWvHQt7Kaakr82,انتباب,wY9nLxfvecNw99lS9Wx0pT9YLcj1,إنكباب
شَدْو,0nGiVljOjHSAnhHpH19KT2t8IXy1,شدو,3b8QgBWODObUoZkkOHnd3TWjzQf2,شض,3tCpPOYPsCUdicDjBYJxW9vGfgj2,شادو,TwQbNF3F3cafaUiFKfg4bPyWn0j1,شدو,nMeMaYxhlwXlm4FWvHQt7Kaakr82,شد,r2bkl9BHYSh4AzcPGuwSi21rDWC2,شاد,wgVwGL41WHYFTybDA4AWlZTCrns1,شد
عَرَض,Np3DftSUFTW0CyOFRYdWIqt9pW92,عربد,Pi40HzE66kMgAnFkWRDQRAOgiUi1,عارط,ixzh0eq0UKPrhqgKTEKMyDjaBdj1,عارض,pKglcfQ7jaUbkEreh4aNGJ3ZAhq1,عرات,r2bkl9BHYSh4AzcPGuwSi21rDWC2,اعرد,zuhl0VgsLQQrdNuXSRPGA1hKdho1,عرت
شاهِد,2TcxLEOTBKYAURXoKZPIkDQnipE2,شاهد,5HM1VvkUlabbK1p4yE5eKaEB7XP2,شحد,N93fWkm2CzcotDG1qDjrX4bsMFx2,شاهد,Np3DftSUFTW0CyOFRYdWIqt9pW92,شاحد,pKglcfQ7jaUbkEreh4aNGJ3ZAhq1,شاهد,wY9nLxfvecNw99lS9Wx0pT9YLcj1,شاهد
مَناعَة,N93fWkm2CzcotDG1qDjrX4bsMFx2,مناع,Pi40HzE66kMgAnFkWRDQRAOgiUi1,مناع,ixzh0eq0UKPrhqgKTEKMyDjaBdj1,مناعة,m44Q5JmPHfhZEm8jjytZWYQVByr2,مناء,qAPapD1boJQHOonmlrH6CQvYBsj1,ماناء,r2bkl9BHYSh4AzcPGuwSi21rDWC2,مناع,wY9nLxfvecNw99lS9Wx0pT9YLcj1,مناعة,zuhl0VgsLQQrdNuXSRPGA1hKdho1,مانعة
اِنْدِحار,2TcxLEOTBKYAURXoKZPIkDQnipE2,اندحار,7e2jltTPz2NCI14esaf5iDfGyUk1,انديحر,7ufW8HufEvZWeL4UF3c8ZMdVL8x1,إنديهر,P24SY11mpCMuVMHHaxRQs6vXywy1,اندحار,XOx4OEuuUZbdNz58VOQM4JliGus1,إنديحار,zuhl0VgsLQQrdNuXSRPGA1hKdho1,مدحار
أَفْرَط,0nGiVljOjHSAnhHpH19KT2t8IXy1,أفرط,3b8QgBWODObUoZkkOHnd3TWjzQf2,عفرك,5HM1VvkUlabbK1p4yE5eKaEB7XP2,عافلق,JCZBRuBzVlTMICdtlmlhjuq4g4g2,افرد,TwQbNF3F3cafaUiFKfg4bPyWn0j1,أفرط,ixzh0eq0UKPrhqgKTEKMyDjaBdj1,افرد
قَطْرانِيّ,2TcxLEOTBKYAURXoKZPIkDQnipE2,قطراني,JCZBRuBzVlTMICdtlmlhjuq4g4g2,قطرني,X7tTUctfjleYqNhxsxUjlIAytrv1,قطراني,XOx4OEuuUZbdNz58VOQM4JliGus1,قترني,m44Q5JmPHfhZEm8jjytZWYQVByr2,كترني,zuhl0VgsLQQrdNuXSRPGA1hKdho1,كترني
تَنامِي,0nGiVljOjHSAnhHpH19KT2t8IXy1,تنناني,7e2jltTPz2NCI14esaf5iDfGyUk1,تامامي,N93fWkm2CzcotDG1qDjrX4bsMFx2,تناني,P24SY11mpCMuVMHHaxRQs6vXywy1,تناني,XOx4OEuuUZbdNz58VOQM4JliGus1,تاناني,md1x3diYgOfz6Qy1o8ARTWjERID3,تنامي
تَفْوِيضِيّ,0nGiVljOjHSAnhHpH19KT2t8IXy1,تفويضي,QAKh6ymQKFgDj6n7DDaBGNqcDZQ2,طفودق,TwQbNF3F3cafaUiFKfg4bPyWn0j1,طفوضي,ixzh0eq0UKPrhqgKTEKMyDjaBdj1,تفويضي,pKglcfQ7jaUbkEreh4aNGJ3ZAhq1,طفوضي,r2bkl9BHYSh4AzcPGuwSi21rDWC2,تافيري
تَنْجِيد,3b8QgBWODObUoZkkOHnd3TWjzQf2,تمجيد,66Mtp85SOJbXbzqerjYxSrB8slF2,تنجيض,JCZBRuBzVlTMICdtlmlhjuq4g4g2,تنجيند,gXTJZjzYIXfFDZtYO5OAw0XBMiU2,تمجيد,iwsOqLOQVOSYKMCW30iSK40GrZH3,تنجيت,nMeMaYxhlwXlm4FWvHQt7Kaakr82,تنجيد
اِنْفَطَر,2TcxLEOTBKYAURXoKZPIkDQnipE2,انفطر,P24SY11mpCMuVMHHaxRQs6vXywy1,انفتر,ixzh0eq0UKPrhqgKTEKMyDjaBdj1,انفطر,md1x3diYgOfz6Qy1o8ARTWjERID3,إنفتر,qAPapD1boJQHOonmlrH6CQvYBsj1,ابفاطر,zuhl0VgsLQQrdNuXSRPGA1hKdho1,أنفطر
مُصَفِّق,0nGiVljOjHSAnhHpH19KT2t8IXy1,مصفق,3b8QgBWODObUoZkkOHnd3TWjzQf2,مسفق,3tCpPOYPsCUdicDjBYJxW9vGfgj2,مصفق,TwQbNF3F3cafaUiFKfg4bPyWn0j1,مصفق,md1x3diYgOfz6Qy1o8ARTWjERID3,مطفهق,nMeMaYxhlwXlm4FWvHQt7Kaakr82,مسفق,zuhl0VgsLQQrdNuXSRPGA1hKdho1,موسفك
هَبِيط,0nGiVljOjHSAnhHpH19KT2t8IXy1,هبيط,3b8QgBWODObUoZkkOHnd3TWjzQf2,حبيت,P24SY11mpCMuVMHHaxRQs6vXywy1,هبت,TwQbNF3F3cafaUiFKfg4bPyWn0j1,هبيط,gXTJZjzYIXfFDZtYO5OAw0XBMiU2,حبيت,m44Q5JmPHfhZEm8jjytZWYQVByr2,حبيت,nMeMaYxhlwXlm4FWvHQt7Kaakr82,هبيت
عَلّامَة,66Mtp85SOJbXbzqerjYxSrB8slF2,اللامة,7ufW8HufEvZWeL4UF3c8ZMdVL8x1,ظ,JCZBRuBzVlTMICdtlmlhjuq4g4g2,الاما,iwsOqLOQVOSYKMCW30iSK40GrZH3,الامة,r2bkl9BHYSh4AzcPGuwSi21rDWC2,ألاما,wgVwGL41WHYFTybDA4AWlZTCrns1,الامة
مَطْمُور,2tUqVuRLSvZ1fKB34xSmmuJYvhr2,مضمور,6INXhpXg6PMrc1X6DUP6g6po7M12,مطمور,Np3DftSUFTW0CyOFRYdWIqt9pW92,متموال,QAKh6ymQKFgDj6n7DDaBGNqcDZQ2,مطمور,X7tTUctfjleYqNhxsxUjlIAytrv1,مطمور,md1x3diYgOfz6Qy1o8ARTWjERID3,متمور
صَوْبَنَة,66Mtp85SOJbXbzqerjYxSrB8slF2,صوبنة,JCZBRuBzVlTMICdtlmlhjuq4g4g2,سوبنة,Pi40HzE66kMgAnFkWRDQRAOgiUi1,سوبنة,md1x3diYgOfz6Qy1o8ARTWjERID3,صوبنة,r2bkl9BHYSh4AzcPGuwSi21rDWC2,صوبنا,wgVwGL41WHYFTybDA4AWlZTCrns1,سوبنة
أُوام,3tCpPOYPsCUdicDjBYJxW9vGfgj2,ؤام,Np3DftSUFTW0CyOFRYdWIqt9pW92,وعم,Pi40HzE66kMgAnFkWRDQRAOgiUi1,وام,iwsOqLOQVOSYKMCW30iSK40GrZH3,اوم,ixzh0eq0UKPrhqgKTEKMyDjaBdj1,وام,qAPapD1boJQHOonmlrH6CQvYBsj1,اام
مُغَرَّب,3tCpPOYPsCUdicDjBYJxW9vGfgj2,مغرب,JCZBRuBzVlTMICdtlmlhjuq4g4g2,مغارب,Np3DftSUFTW0CyOFRYdWIqt9pW92,مخراب,Pi40HzE66kMgAnFkWRDQRAOgiUi1,مغرب,m44Q5JmPHfhZEm8jjytZWYQVByr2,مغلب,wgVwGL41WHYFTybDA4AWlZTCrns1,مغرب
حَيَّك,3tCpPOYPsCUdicDjBYJxW9vGfgj2,حيك,50F5dwtdddhH54cCjarRp43Korp2,هيك,5HM1VvkUlabbK1p4yE5eKaEB7XP2,هييك,7ufW8HufEvZWeL4UF3c8ZMdVL8x1,هايك,N93fWkm2CzcotDG1qDjrX4bsMFx2,حيك,XOx4OEuuUZbdNz58VOQM4JliGus1,حايك,md1x3diYgOfz6Qy1o8ARTWjERID3,هييك,zuhl0VgsLQQrdNuXSRPGA1hKdho1,حاياك
نُشُوئِيّ,2TcxLEOTBKYAURXoKZPIkDQnipE2,نشوئي,7e2jltTPz2NCI14esaf5iDfGyUk1,مشوي,JCZBRuBzVlTMICdtlmlhjuq4g4g2,نشوي,P24SY11mpCMuVMHHaxRQs6vXywy1,نشوي,Pi40HzE66kMgAnFkWRDQRAOgiUi1,مشي,XOx4OEuuUZbdNz58VOQM4JliGus1,نوشرجي,pKglcfQ7jaUbkEreh4aNGJ3ZAhq1,بشويي,zuhl0VgsLQQrdNuXSRPGA1hKdho1,موشؤي
طَرَح,2tUqVuRLSvZ1fKB34xSmmuJYvhr2,اندلع,6INXhpXg6PMrc1X6DUP6g6po7M12,ترح,7e2jltTPz2NCI14esaf5iDfGyUk1,ترح,X7tTUctfjleYqNhxsxUjlIAytrv1,طرح,r2bkl9BHYSh4AzcPGuwSi21rDWC2,طارح,zuhl0VgsLQQrdNuXSRPGA1hKdho1,طرح
إِقْلِيمِيَّة,50F5dwtdddhH54cCjarRp43Korp2,عكليمية,P24SY11mpCMuVMHHaxRQs6vXywy1,اقليوية,TwQbNF3F3cafaUiFKfg4bPyWn0j1,إقلمية,X7tTUctfjleYqNhxsxUjlIAytrv1,إقليمية,pKglcfQ7jaUbkEreh4aNGJ3ZAhq1,إقليمية,wY9nLxfvecNw99lS9Wx0pT9YLcj1,إقليمية
اِجْتِثاث,5HM1VvkUlabbK1p4yE5eKaEB7XP2,ازدفف,Np3DftSUFTW0CyOFRYdWIqt9pW92,اجتفازة,gXTJZjzYIXfFDZtYO5OAw0XBMiU2,أشتفف,ixzh0eq0UKPrhqgKTEKMyDjaBdj1,اشتفاف,m44Q5JmPHfhZEm8jjytZWYQVByr2,يجدفا,wgVwGL41WHYFTybDA4AWlZTCrns1,اشدفاف
جاحِد,2TcxLEOTBKYAURXoKZPIkDQnipE2,جاحد,2tUqVuRLSvZ1fKB34xSmmuJYvhr2,جاحد,50F5dwtdddhH54cCjarRp43Korp2,جاهد,7e2jltTPz2NCI14esaf5iDfGyUk1,جحد,TwQbNF3F3cafaUiFKfg4bPyWn0j1,جاحد,nMeMaYxhlwXlm4FWvHQt7Kaakr82,جاحد
فَضاء,0nGiVljOjHSAnhHpH19KT2t8IXy1,فضاء,2TcxLEOTBKYAURXoKZPIkDQnipE2,فضاء,N93fWkm2CzcotDG1qDjrX4bsMFx2,فظا,Pi40HzE66kMgAnFkWRDQRAOgiUi1,فظاء,gXTJZjzYIXfFDZtYO5OAw0XBMiU2,فكة,pKglcfQ7jaUbkEreh4aNGJ3ZAhq1,فادة
رَوْح,N93fWkm2CzcotDG1qDjrX4bsMFx2,روح,P24SY11mpCMuVMHHaxRQs6vXywy1,روخ,Pi40HzE66kMgAnFkWRDQRAOgiUi1,روح,md1x3diYgOfz6Qy1o8ARTWjERID3,روه,r2bkl9BHYSh4AzcPGuwSi21rDWC2,راوح,wY9nLxfvecNw99lS9Wx0pT9YLcj1,روح,wgVwGL41WHYFTybDA4AWlZTCrns1,رح
اِسْتَعاذ,2TcxLEOTBKYAURXoKZPIkDQnipE2,استعاذ,6INXhpXg6PMrc1X6DUP6g6po7M12,استعال,JCZBRuBzVlTMICdtlmlhjuq4g4g2,استاظ,P24SY11mpCMuVMHHaxRQs6vXywy1,استال,ixzh0eq0UKPrhqgKTEKMyDjaBdj1,استعاد,pKglcfQ7jaUbkEreh4aNGJ3ZAhq1,إستغال,zuhl0VgsLQQrdNuXSRPGA1hKdho1,لأستا
اِسْتَخْذَأ,0nGiVljOjHSAnhHpH19KT2t8IXy1,استخدأ,3b8QgBWODObUoZkkOHnd3TWjzQf2,استحدك,N93fWkm2CzcotDG1qDjrX4bsMFx2,إستخدئ,TwQbNF3F3cafaUiFKfg4bPyWn0j1,إستخدء,XOx4OEuuUZbdNz58VOQM4JliGus1,إستخداء,iwsOqLOQVOSYKMCW30iSK40GrZH3,استخدء,nMeMaYxhlwXlm4FWvHQt7Kaakr82,استخدء
اِكْتِظاظ,0nGiVljOjHSAnhHpH19KT2t8IXy1,إكتظاظ,2TcxLEOTBKYAURXoKZPIkDQnipE2,اكتظاظ,3b8QgBWODObUoZkkOHnd3TWjzQf2,اقتداد,TwQbNF3F3cafaUiFKfg4bPyWn0j1,اكتظاظ,XOx4OEuuUZbdNz58VOQM4JliGus1,إكتثاث,md1x3diYgOfz6Qy1o8ARTWjERID3,إكتيواو
مَنْظُوم,0nGiVljOjHSAnhHpH19KT2t8IXy1,منظوم,3b8QgBWODObUoZkkOHnd3TWjzQf2,مندوم,Np3DftSUFTW0CyOFRYdWIqt9pW92,منضن,P24SY11mpCMuVMHHaxRQs6vXywy1,منثوم,TwQbNF3F3cafaUiFKfg4bPyWn0j1,منظوم,gXTJZjzYIXfFDZtYO5OAw0XBMiU2,منظم,nMeMaYxhlwXlm4FWvHQt7Kaakr82,منذول
تَبَلْشَف,0nGiVljOjHSAnhHpH19KT2t8IXy1,تبلشف,2TcxLEOTBKYAURXoKZPIkDQnipE2,تبلشف,3b8QgBWODObUoZkkOHnd3TWjzQf2,تبلشف,JCZBRuBzVlTMICdtlmlhjuq4g4g2,تبلشف,gXTJZjzYIXfFDZtYO5OAw0XBMiU2,تبلشف,wgVwGL41WHYFTybDA4AWlZTCrns1,تبلشف
مُلاكَمَة,3tCpPOYPsCUdicDjBYJxW9vGfgj2,ملاكمة,6INXhpXg6PMrc1X6DUP6g6po7M12,ملاكمة,7ufW8HufEvZWeL4UF3c8ZMdVL8x1,مولاكمة,Pi40HzE66kMgAnFkWRDQRAOgiUi1,ملاكم,X7tTUctfjleYqNhxsxUjlIAytrv1,ملاكمة,m44Q5JmPHfhZEm8jjytZWYQVByr2,مولاكنة,zuhl0VgsLQQrdNuXSRPGA1hKdho1,ملاكمة
ثَرَد,5HM1VvkUlabbK1p4yE5eKaEB7XP2,صرت,7e2jltTPz2NCI14esaf5iDfGyUk1,سرت,N93fWkm2CzcotDG1qDjrX4bsMFx2,ثرد,md1x3diYgOfz6Qy1o8ARTWjERID3,صرت,r2bkl9BHYSh4AzcPGuwSi21rDWC2,زارد,zuhl0VgsLQQrdNuXSRPGA1hKdho1,سرات
خَلَّد,3tCpPOYPsCUdicDjBYJxW9vGfgj2,خلد,5HM1VvkUlabbK1p4yE5eKaEB7XP2,خالت,JCZBRuBzVlTMICdtlmlhjuq4g4g2,سلت,P24SY11mpCMuVMHHaxRQs6vXywy1,خلة,m44Q5JmPHfhZEm8jjytZWYQVByr2,خلد
زامَل,50F5dwtdddhH54cCjarRp43Korp2,جامل,5HM1VvkUlabbK1p4yE5eKaEB7XP2,زمن,7e2jltTPz2NCI14esaf5iDfGyUk1,جميل,X7tTUctfjleYqNhxsxUjlIAytrv1,زامل,m44Q5JmPHfhZEm8jjytZWYQVByr2,جامر,wY9nLxfvecNw99lS9Wx0pT9YLcj1,جامل,wgVwGL41WHYFTybDA4AWlZTCrns1,جامل
تَراوَح,2TcxLEOTBKYAURXoKZPIkDQnipE2,تراوح,3tCpPOYPsCUdicDjBYJxW9vGfgj2,تراوح,5HM1VvkUlabbK1p4yE5eKaEB7XP2,قلوه,66Mtp85SOJbXbzqerjYxSrB8slF2,تراوح,md1x3diYgOfz6Qy1o8ARTWjERID3,تراوة,qAPapD1boJQHOonmlrH6CQvYBsj1,تاراوا
مُذِيع,2TcxLEOTBKYAURXoKZPIkDQnipE2,مذيع,5HM1VvkUlabbK1p4yE5eKaEB7XP2,مضية,JCZBRuBzVlTMICdtlmlhjuq4g4g2,مذيع,Np3DftSUFTW0CyOFRYdWIqt9pW92,مديع,P24SY11mpCMuVMHHaxRQs6vXywy1,مديية,pKglcfQ7jaUbkEreh4aNGJ3ZAhq1,موذير
تَنْوِيم,0nGiVljOjHSAnhHpH19KT2t8IXy1,تنويم,66Mtp85SOJbXbzqerjYxSrB8slF2,تنويم,N93fWkm2CzcotDG1qDjrX4bsMFx2,تنويم,X7tTUctfjleYqNhxsxUjlIAytrv1,تنويم,iwsOqLOQVOSYKMCW30iSK40GrZH3,تنويم,zuhl0VgsLQQrdNuXSRPGA1hKdho1,تنوين
ثُبُوت,5HM1VvkUlabbK1p4yE5eKaEB7XP2,صبت,N93fWkm2CzcotDG1qDjrX4bsMFx2,ثبوت,ixzh0eq0UKPrhqgKTEKMyDjaBdj1,سبوت,r2bkl9BHYSh4AzcPGuwSi21rDWC2,صبوت,wY9nLxfvecNw99lS9Wx0pT9YLcj1,ثبوت,wgVwGL41WHYFTybDA4AWlZTCrns1,زبوت
وَجَسان,2TcxLEOTBKYAURXoKZPIkDQnipE2,وجسان,7e2jltTPz2NCI14esaf5iDfGyUk1,وجسن,PftUkxhmGyQtVP3GkWwRB0c1ynY2,واجاسن,Pi40HzE66kMgAnFkWRDQRAOgiUi1,وجسان,pKglcfQ7jaUbkEreh4aNGJ3ZAhq1,واجسان,wgVwGL41WHYFTybDA4AWlZTCrns1,وجسان
أَدَلّ,5HM1VvkUlabbK1p4yE5eKaEB7XP2,الظل,66Mtp85SOJbXbzqerjYxSrB8slF2,ادل,JCZBRuBzVlTMICdtlmlhjuq4g4g2,أدال,XOx4OEuuUZbdNz58VOQM4JliGus1,ادال,ixzh0eq0UKPrhqgKTEKMyDjaBdj1,ادل
مُنْضَمّ,5HM1VvkUlabbK1p4yE5eKaEB7XP2,مندون,66Mtp85SOJbXbzqerjYxSrB8slF2,مندم,7e2jltTPz2NCI14esaf5iDfGyUk1,مندم,JCZBRuBzVlTMICdtlmlhjuq4g4g2,منضم,Np3DftSUFTW0CyOFRYdWIqt9pW92,منم,iwsOqLOQVOSYKMCW30iSK40GrZH3,مندم
عَذْب,3tCpPOYPsCUdicDjBYJxW9vGfgj2,عذب,66Mtp85SOJbXbzqerjYxSrB8slF2,عفب,JCZBRuBzVlTMICdtlmlhjuq4g4g2,عزب,Np3DftSUFTW0CyOFRYdWIqt9pW92,عدق,QAKh6ymQKFgDj6n7DDaBGNqcDZQ2,عبد,iwsOqLOQVOSYKMCW30iSK40GrZH3,ارب
اِنْبَعَج,50F5dwtdddhH54cCjarRp43Korp2,انبعج,5HM1VvkUlabbK1p4yE5eKaEB7XP2,انبعج,N93fWkm2CzcotDG1qDjrX4bsMFx2,انبعج,PftUkxhmGyQtVP3GkWwRB0c1ynY2,انبش,XOx4OEuuUZbdNz58VOQM4JliGus1,إنباعج,md1x3diYgOfz6Qy1o8ARTWjERID3,إنبرخ,wY9nLxfvecNw99lS9Wx0pT9YLcj1,إنبعج,wgVwGL41WHYFTybDA4AWlZTCrns1,امباءج
كُوفِيَّة,2tUqVuRLSvZ1fKB34xSmmuJYvhr2,كوفية,50F5dwtdddhH54cCjarRp43Korp2,كوفية,6INXhpXg6PMrc1X6DUP6g6po7M12,كوفية,PftUkxhmGyQtVP3GkWwRB0c1ynY2,كوفية,md1x3diYgOfz6Qy1o8ARTWjERID3,كفية,zuhl0VgsLQQrdNuXSRPGA1hKdho1,كوفية
عائِدَة,3b8QgBWODObUoZkkOHnd3TWjzQf2,عيدة,QAKh6ymQKFgDj6n7DDaBGNqcDZQ2,عايدة,TwQbNF3F3cafaUiFKfg4bPyWn0j1,عائدة,gXTJZjzYIXfFDZtYO5OAw0XBMiU2,أئدة,iwsOqLOQVOSYKMCW30iSK40GrZH3,اعيدة,nMeMaYxhlwXlm4FWvHQt7Kaakr82,عائلة
قَمْع,2TcxLEOTBKYAURXoKZPIkDQnipE2,قن,5HM1VvkUlabbK1p4yE5eKaEB7XP2,كم,X7tTUctfjleYqNhxsxUjlIAytrv1,قمع,XOx4OEuuUZbdNz58VOQM4JliGus1,قم,pKglcfQ7jaUbkEreh4aNGJ3ZAhq1,حامة,r2bkl9BHYSh4AzcPGuwSi21rDWC2,كم
تَعِب,2TcxLEOTBKYAURXoKZPIkDQnipE2,تعب,5HM1VvkUlabbK1p4yE5eKaEB7XP2,طيب,66Mtp85SOJbXbzqerjYxSrB8slF2,طاعب,7e2jltTPz2NCI14esaf5iDfGyUk1,تحب,7ufW8HufEvZWeL4UF3c8ZMdVL8x1,تحب,md1x3diYgOfz6Qy1o8ARTWjERID3,طعيب
اِنْخَصَم,2TcxLEOTBKYAURXoKZPIkDQnipE2,انخصم,JCZBRuBzVlTMICdtlmlhjuq4g4g2,إنخسن,ixzh0eq0UKPrhqgKTEKMyDjaBdj1,انخصم,md1x3diYgOfz6Qy1o8ARTWjERID3,إنخسن,wY9nLxfvecNw99lS9Wx0pT9YLcj1,انخصم,wgVwGL41WHYFTybDA4AWlZTCrns1,انحسم
مُتَطَيِّر,5HM1VvkUlabbK1p4yE5eKaEB7XP2,مطبير,PftUkxhmGyQtVP3GkWwRB0c1ynY2,ومثابر,TwQbNF3F3cafaUiFKfg4bPyWn0j1,متطير,XOx4OEuuUZbdNz58VOQM4JliGus1,متتير,md1x3diYgOfz6Qy1o8ARTWjERID3,متبير,zuhl0VgsLQQrdNuXSRPGA1hKdho1,متباير
مَوْصُول,2TcxLEOTBKYAURXoKZPIkDQnipE2,موصول,2tUqVuRLSvZ1fKB34xSmmuJYvhr2,موصول,7e2jltTPz2NCI14esaf5iDfGyUk1,ماوسل,N93fWkm2CzcotDG1qDjrX4bsMFx2,موصور,P24SY11mpCMuVMHHaxRQs6vXywy1,موسول,X7tTUctfjleYqNhxsxUjlIAytrv1,موصول,pKglcfQ7jaUbkEreh4aNGJ3ZAhq1,ماسور
صُلْبِيّ,2tUqVuRLSvZ1fKB34xSmmuJYvhr2,صلبي,50F5dwtdddhH54cCjarRp43Korp2,صلبي,6INXhpXg6PMrc1X6DUP6g6po7M12,صلبي,7ufW8HufEvZWeL4UF3c8ZMdVL8x1,صلبي,QAKh6ymQKFgDj6n7DDaBGNqcDZQ2,حلبي,m44Q5JmPHfhZEm8jjytZWYQVByr2,صلبي,qAPapD1boJQHOonmlrH6CQvYBsj1,سولبي
كُزّ,3b8QgBWODObUoZkkOHnd3TWjzQf2,كز,3tCpPOYPsCUdicDjBYJxW9vGfgj2,كز,5HM1VvkUlabbK1p4yE5eKaEB7XP2,كس,gXTJZjzYIXfFDZtYO5OAw0XBMiU2,كز,md1x3diYgOfz6Qy1o8ARTWjERID3,قوس,nMeMaYxhlwXlm4FWvHQt7Kaakr82,كويز
مُصَوِّبَة,3tCpPOYPsCUdicDjBYJxW9vGfgj2,مصوبة,N93fWkm2CzcotDG1qDjrX4bsMFx2,مصوبة,Np3DftSUFTW0CyOFRYdWIqt9pW92,مساؤب,P24SY11mpCMuVMHHaxRQs6vXywy1,مسوبة,md1x3diYgOfz6Qy1o8ARTWjERID3,موساوبة,qAPapD1boJQHOonmlrH6CQvYBsj1,مص
مِجْهَر,0nGiVljOjHSAnhHpH19KT2t8IXy1,ميتشهار,5HM1VvkUlabbK1p4yE5eKaEB7XP2,متشر,N93fWkm2CzcotDG1qDjrX4bsMFx2,مجهر,P24SY11mpCMuVMHHaxRQs6vXywy1,متجحر,TwQbNF3F3cafaUiFKfg4bPyWn0j1,مجهار,nMeMaYxhlwXlm4FWvHQt7Kaakr82,مجهر,pKglcfQ7jaUbkEreh4aNGJ3ZAhq1,ميجحار
اِسْتَكْبَر,5HM1VvkUlabbK1p4yE5eKaEB7XP2,اسطكبر,7e2jltTPz2NCI14esaf5iDfGyUk1,استكبر,P24SY11mpCMuVMHHaxRQs6vXywy1,استكبر,Pi40HzE66kMgAnFkWRDQRAOgiUi1,استقبل,XOx4OEuuUZbdNz58VOQM4JliGus1,إستكبر,pKglcfQ7jaUbkEreh4aNGJ3ZAhq1,إستكبر
تَقاعُس,2TcxLEOTBKYAURXoKZPIkDQnipE2,تقاعص,3tCpPOYPsCUdicDjBYJxW9vGfgj2,تقاعس,66Mtp85SOJbXbzqerjYxSrB8slF2,تكاس,7e2jltTPz2NCI14esaf5iDfGyUk1,تغاس,N93fWkm2CzcotDG1qDjrX4bsMFx2,تقاعس,P24SY11mpCMuVMHHaxRQs6vXywy1,تقاوس,md1x3diYgOfz6Qy1o8ARTWjERID3,طقروس,qAPapD1boJQHOonmlrH6CQvYBsj1,طقاس
عَبْس,3tCpPOYPsCUdicDjBYJxW9vGfgj2,عبس,66Mtp85SOJbXbzqerjYxSrB8slF2,ابس,6INXhpXg6PMrc1X6DUP6g6po7M12,عبس,JCZBRuBzVlTMICdtlmlhjuq4g4g2,عبس,QAKh6ymQKFgDj6n7DDaBGNqcDZQ2,هبز,iwsOqLOQVOSYKMCW30iSK40GrZH3,هبس
ساذِج,7e2jltTPz2NCI14esaf5iDfGyUk1,سفج,QAKh6ymQKFgDj6n7DDaBGNqcDZQ2,صاوج,TwQbNF3F3cafaUiFKfg4bPyWn0j1,ساظج,md1x3diYgOfz6Qy1o8ARTWjERID3,سادش,qAPapD1boJQHOonmlrH6CQvYBsj1,سابيش,wY9nLxfvecNw99lS9Wx0pT9YLcj1,ساذج
مُسْتَنْكَر,7e2jltTPz2NCI14esaf5iDfGyUk1,مستنكر,7ufW8HufEvZWeL4UF3c8ZMdVL8x1,موستانكر,md1x3diYgOfz6Qy1o8ARTWjERID3,مستنكر,qAPapD1boJQHOonmlrH6CQvYBsj1,موستانكار,r2bkl9BHYSh4AzcPGuwSi21rDWC2,مسثنكر,zuhl0VgsLQQrdNuXSRPGA1hKdho1,مستنكر
أَشْدَق,3tCpPOYPsCUdicDjBYJxW9vGfgj2,اشدق,Np3DftSUFTW0CyOFRYdWIqt9pW92,أشدف,P24SY11mpCMuVMHHaxRQs6vXywy1,اشتق,gXTJZjzYIXfFDZtYO5OAw0XBMiU2,أشقق,qAPapD1boJQHOonmlrH6CQvYBsj1,اشضق,zuhl0VgsLQQrdNuXSRPGA1hKdho1,أشرك
رَمَضانِيّ,2TcxLEOTBKYAURXoKZPIkDQnipE2,رمضاني,50F5dwtdddhH54cCjarRp43Korp2,رمضاني,X7tTUctfjleYqNhxsxUjlIAytrv1,رماضني,XOx4OEuuUZbdNz58VOQM4JliGus1,رامضاني,pKglcfQ7jaUbkEreh4aNGJ3ZAhq1,راماداني,wY9nLxfvecNw99lS9Wx0pT9YLcj1,رمضاني
تَخاذَل,2TcxLEOTBKYAURXoKZPIkDQnipE2,تخاذل,3tCpPOYPsCUdicDjBYJxW9vGfgj2,تخاذل,JCZBRuBzVlTMICdtlmlhjuq4g4g2,تخاظل,Pi40HzE66kMgAnFkWRDQRAOgiUi1,تخاذل,X7tTUctfjleYqNhxsxUjlIAytrv1,تخابل,m44Q5JmPHfhZEm8jjytZWYQVByr2,تحابر,r2bkl9BHYSh4AzcPGuwSi21rDWC2,تاحابل,zuhl0VgsLQQrdNuXSRPGA1hKdho1,تحابل
اِنْكَمَش,2TcxLEOTBKYAURXoKZPIkDQnipE2,انكمش,3tCpPOYPsCUdicDjBYJxW9vGfgj2,انكمش,50F5dwtdddhH54cCjarRp43Korp2,انكمش,JCZBRuBzVlTMICdtlmlhjuq4g4g2,انكمش,P24SY11mpCMuVMHHaxRQs6vXywy1,انكمج,PftUkxhmGyQtVP3GkWwRB0c1ynY2,انكمش,Pi40HzE66kMgAnFkWRDQRAOgiUi1,انكمش,X7tTUctfjleYqNhxsxUjlIAytrv1,إنكمش,m44Q5JmPHfhZEm8jjytZWYQVByr2,انكمش,wgVwGL41WHYFTybDA4AWlZTCrns1,انكمش
فَوْقانِيّ,66Mtp85SOJbXbzqerjYxSrB8slF2,فوقاني,7ufW8HufEvZWeL4UF3c8ZMdVL8x1,فلقني,JCZBRuBzVlTMICdtlmlhjuq4g4g2,سوكني,ixzh0eq0UKPrhqgKTEKMyDjaBdj1,فوقاني,m44Q5JmPHfhZEm8jjytZWYQVByr2,كوكمي,qAPapD1boJQHOonmlrH6CQvYBsj1,سوكاني,wgVwGL41WHYFTybDA4AWlZTCrns1,زوكمي
تَأَهَّب,0nGiVljOjHSAnhHpH19KT2t8IXy1,تأهب,66Mtp85SOJbXbzqerjYxSrB8slF2,تاحب,N93fWkm2CzcotDG1qDjrX4bsMFx2,دأحب,gXTJZjzYIXfFDZtYO5OAw0XBMiU2,طاءحب,iwsOqLOQVOSYKMCW30iSK40GrZH3,تحب,nMeMaYxhlwXlm4FWvHQt7Kaakr82,تأحظ,zuhl0VgsLQQrdNuXSRPGA1hKdho1,تاءأحب
غَرْغَرَة,66Mtp85SOJbXbzqerjYxSrB8slF2,غرغرة,QAKh6ymQKFgDj6n7DDaBGNqcDZQ2,غغر,TwQbNF3F3cafaUiFKfg4bPyWn0j1,غرغرة,X7tTUctfjleYqNhxsxUjlIAytrv1,غرغرة,iwsOqLOQVOSYKMCW30iSK40GrZH3,راغرة,qAPapD1boJQHOonmlrH6CQvYBsj1,غرغرا
إِيثارِيَّة,3b8QgBWODObUoZkkOHnd3TWjzQf2,يترية,6INXhpXg6PMrc1X6DUP6g6po7M12,افارية,Pi40HzE66kMgAnFkWRDQRAOgiUi1,اثارية,TwQbNF3F3cafaUiFKfg4bPyWn0j1,إفارية,gXTJZjzYIXfFDZtYO5OAw0XBMiU2,إثرية,nMeMaYxhlwXlm4FWvHQt7Kaakr82,إيفارية
شُرْب,6INXhpXg6PMrc1X6DUP6g6po7M12,شرب,Np3DftSUFTW0CyOFRYdWIqt9pW92,شرب,Pi40HzE66kMgAnFkWRDQRAOgiUi1,شرب,QAKh6ymQKFgDj6n7DDaBGNqcDZQ2,شرب,md1x3diYgOfz6Qy1o8ARTWjERID3,شوفلك,wgVwGL41WHYFTybDA4AWlZTCrns1,شرب
عَجِينِيّ,66Mtp85SOJbXbzqerjYxSrB8slF2,عجيني,TwQbNF3F3cafaUiFKfg4bPyWn0j1,عاجني,X7tTUctfjleYqNhxsxUjlIAytrv1,عجيني,nMeMaYxhlwXlm4FWvHQt7Kaakr82,ايجيني,pKglcfQ7jaUbkEreh4aNGJ3ZAhq1,أجيني,wY9nLxfvecNw99lS9Wx0pT9YLcj1,عجيني
هاج,5HM1VvkUlabbK1p4yE5eKaEB7XP2,غج,7ufW8HufEvZWeL4UF3c8ZMdVL8x1,هاج,XOx4OEuuUZbdNz58VOQM4JliGus1,هاج,m44Q5JmPHfhZEm8jjytZWYQVByr2,حج,qAPapD1boJQHOonmlrH6CQvYBsj1,اش,wgVwGL41WHYFTybDA4AWlZTCrns1,غج
اِنْحَدَر,50F5dwtdddhH54cCjarRp43Korp2,انهدر,Np3DftSUFTW0CyOFRYdWIqt9pW92,انحدار,gXTJZjzYIXfFDZtYO5OAw0XBMiU2,إنحدر,qAPapD1boJQHOonmlrH6CQvYBsj1,انحادار,wY9nLxfvecNw99lS9Wx0pT9YLcj1,إنحدر,zuhl0VgsLQQrdNuXSRPGA1hKdho1,إنحادر
بُخْل,0nGiVljOjHSAnhHpH19KT2t8IXy1,بخل,3b8QgBWODObUoZkkOHnd3TWjzQf2,بخل,JCZBRuBzVlTMICdtlmlhjuq4g4g2,بخل,iwsOqLOQVOSYKMCW30iSK40GrZH3,بخول,r2bkl9BHYSh4AzcPGuwSi21rDWC2,بحل,wgVwGL41WHYFTybDA4AWlZTCrns1,بخل
بَلِيل,2TcxLEOTBKYAURXoKZPIkDQnipE2,بليل,2tUqVuRLSvZ1fKB34xSmmuJYvhr2,طرح,50F5dwtdddhH54cCjarRp43Korp2,بليل,6INXhpXg6PMrc1X6DUP6g6po7M12,بليل,P24SY11mpCMuVMHHaxRQs6vXywy1,بليا,X7tTUctfjleYqNhxsxUjlIAytrv1,بليل,m44Q5JmPHfhZEm8jjytZWYQVByr2,بليل,zuhl0VgsLQQrdNuXSRPGA1hKdho1,بليل
شَهْر,0nGiVljOjHSAnhHpH19KT2t8IXy1,شهر,3b8QgBWODObUoZkkOHnd3TWjzQf2,شهر,P24SY11mpCMuVMHHaxRQs6vXywy1,شهر,TwQbNF3F3cafaUiFKfg4bPyWn0j1,شهر,m44Q5JmPHfhZEm8jjytZWYQVByr2,شل,nMeMaYxhlwXlm4FWvHQt7Kaakr82,شهر,r2bkl9BHYSh4AzcPGuwSi21rDWC2,شار
سامّ,2tUqVuRLSvZ1fKB34xSmmuJYvhr2,سام,7e2jltTPz2NCI14esaf5iDfGyUk1,سام,7ufW8HufEvZWeL4UF3c8ZMdVL8x1,سام,Pi40HzE66kMgAnFkWRDQRAOgiUi1,سام,QAKh6ymQKFgDj6n7DDaBGNqcDZQ2,سم,X7tTUctfjleYqNhxsxUjlIAytrv1,سام,XOx4OEuuUZbdNz58VOQM4JliGus1,سام,zuhl0VgsLQQrdNuXSRPGA1hKdho1,سام
غَشْم,5HM1VvkUlabbK1p4yE5eKaEB7XP2,غش,66Mtp85SOJbXbzqerjYxSrB8slF2,غشم,JCZBRuBzVlTMICdtlmlhjuq4g4g2,غشب,ixzh0eq0UKPrhqgKTEKMyDjaBdj1,غشن,wY9nLxfvecNw99lS9Wx0pT9YLcj1,غشم,zuhl0VgsLQQrdNuXSRPGA1hKdho1,غاشو
سَهْوان,7e2jltTPz2NCI14esaf5iDfGyUk1,سعحوان,Pi40HzE66kMgAnFkWRDQRAOgiUi1,صحوان,XOx4OEuuUZbdNz58VOQM4JliGus1,ساحوان,wY9nLxfvecNw99lS9Wx0pT9YLcj1,سهوان,wgVwGL41WHYFTybDA4AWlZTCrns1,سحوان
غَيَّر,2TcxLEOTBKYAURXoKZPIkDQnipE2,غير,66Mtp85SOJbXbzqerjYxSrB8slF2,غير,7e2jltTPz2NCI14esaf5iDfGyUk1,غاير,JCZBRuBzVlTMICdtlmlhjuq4g4g2,غير,X7tTUctfjleYqNhxsxUjlIAytrv1,غير,XOx4OEuuUZbdNz58VOQM4JliGus1,غأئار,m44Q5JmPHfhZEm8jjytZWYQVByr2,غييل,wgVwGL41WHYFTybDA4AWlZTCrns1,غاير
مُخْتَفِت,3tCpPOYPsCUdicDjBYJxW9vGfgj2,مختفت,66Mtp85SOJbXbzqerjYxSrB8slF2,مختفت,7ufW8HufEvZWeL4UF3c8ZMdVL8x1,مغرفت,QAKh6ymQKFgDj6n7DDaBGNqcDZQ2,مطثت,ixzh0eq0UKPrhqgKTEKMyDjaBdj1,مختفت,m44Q5JmPHfhZEm8jjytZWYQVByr2,مقتفت
سِبِنْسَة,0nGiVljOjHSAnhHpH19KT2t8IXy1,سبنسا,3b8QgBWODObUoZkkOHnd3TWjzQf2,سبنسة,7e2jltTPz2NCI14esaf5iDfGyUk1,سبنسة,TwQbNF3F3cafaUiFKfg4bPyWn0j1,سبنسة,gXTJZjzYIXfFDZtYO5OAw0XBMiU2,سبنسة,nMeMaYxhlwXlm4FWvHQt7Kaakr82,ةسبنس,pKglcfQ7jaUbkEreh4aNGJ3ZAhq1,سنيسة
صَحِب,2tUqVuRLSvZ1fKB34xSmmuJYvhr2,فروج,6INXhpXg6PMrc1X6DUP6g6po7M12,صاحب,7e2jltTPz2NCI14esaf5iDfGyUk1,سحب,Np3DftSUFTW0CyOFRYdWIqt9pW92,صحب,pKglcfQ7jaUbkEreh4aNGJ3ZAhq1,صاهب,qAPapD1boJQHOonmlrH6CQvYBsj1,صاحب
مُتَنَزَّه,0nGiVljOjHSAnhHpH19KT2t8IXy1,منتزه,5HM1VvkUlabbK1p4yE5eKaEB7XP2,منتزة,6INXhpXg6PMrc1X6DUP6g6po7M12,منتزة,PftUkxhmGyQtVP3GkWwRB0c1ynY2,مونتيسة,X7tTUctfjleYqNhxsxUjlIAytrv1,منتزا,pKglcfQ7jaUbkEreh4aNGJ3ZAhq1,منتزة
أَنْجلَزَة,3b8QgBWODObUoZkkOHnd3TWjzQf2,عنجلزة,5HM1VvkUlabbK1p4yE5eKaEB7XP2,انقلز,Np3DftSUFTW0CyOFRYdWIqt9pW92,انجرزة,P24SY11mpCMuVMHHaxRQs6vXywy1,اعنجلزة,ixzh0eq0UKPrhqgKTEKMyDjaBdj1,انجلسة,wY9nLxfvecNw99lS9Wx0pT9YLcj1,أنجلز
مُجَنِّس,Np3DftSUFTW0CyOFRYdWIqt9pW92,مجمس,PftUkxhmGyQtVP3GkWwRB0c1ynY2,موجرميي,Pi40HzE66kMgAnFkWRDQRAOgiUi1,مجانس,XOx4OEuuUZbdNz58VOQM4JliGus1,موجرنيس,ixzh0eq0UKPrhqgKTEKMyDjaBdj1,مجمس,wY9nLxfvecNw99lS9Wx0pT9YLcj1,مجنس
مِرْساة,7ufW8HufEvZWeL4UF3c8ZMdVL8x1,ماريسة,TwQbNF3F3cafaUiFKfg4bPyWn0j1,مرسى,ixzh0eq0UKPrhqgKTEKMyDjaBdj1,مرساة,md1x3diYgOfz6Qy1o8ARTWjERID3,مرصة,qAPapD1boJQHOonmlrH6CQvYBsj1,مرسا,wgVwGL41WHYFTybDA4AWlZTCrns1,مرسا
رَتابَة,3b8QgBWODObUoZkkOHnd3TWjzQf2,رتعبة,XOx4OEuuUZbdNz58VOQM4JliGus1,راتابة,gXTJZjzYIXfFDZtYO5OAw0XBMiU2,رتبة,m44Q5JmPHfhZEm8jjytZWYQVByr2,رتابة,nMeMaYxhlwXlm4FWvHQt7Kaakr82,رتابة,wY9nLxfvecNw99lS9Wx0pT9YLcj1,رتابة
تَنَسَّك,2tUqVuRLSvZ1fKB34xSmmuJYvhr2,تمسك,6INXhpXg6PMrc1X6DUP6g6po7M12,تنسك,Np3DftSUFTW0CyOFRYdWIqt9pW92,تنسق,ixzh0eq0UKPrhqgKTEKMyDjaBdj1,تمسك,r2bkl9BHYSh4AzcPGuwSi21rDWC2,تنسك,zuhl0VgsLQQrdNuXSRPGA1hKdho1,تناسك
دِفاع,0nGiVljOjHSAnhHpH19KT2t8IXy1,دفاع,6INXhpXg6PMrc1X6DUP6g6po7M12,دفاع,TwQbNF3F3cafaUiFKfg4bPyWn0j1,دفاع,X7tTUctfjleYqNhxsxUjlIAytrv1,دفاع,iwsOqLOQVOSYKMCW30iSK40GrZH3,ديفع,r2bkl9BHYSh4AzcPGuwSi21rDWC2,ديفع
عَنَّف,66Mtp85SOJbXbzqerjYxSrB8slF2,عنف,7ufW8HufEvZWeL4UF3c8ZMdVL8x1,فانف,JCZBRuBzVlTMICdtlmlhjuq4g4g2,عنف,Pi40HzE66kMgAnFkWRDQRAOgiUi1,انف,QAKh6ymQKFgDj6n7DDaBGNqcDZQ2,أنف,iwsOqLOQVOSYKMCW30iSK40GrZH3,انف,qAPapD1boJQHOonmlrH6CQvYBsj1,اناف
اِفْتِكاك,3tCpPOYPsCUdicDjBYJxW9vGfgj2,افتكاك,50F5dwtdddhH54cCjarRp43Korp2,فتكاك,P24SY11mpCMuVMHHaxRQs6vXywy1,فتكاك,Pi40HzE66kMgAnFkWRDQRAOgiUi1,فتكاك,md1x3diYgOfz6Qy1o8ARTWjERID3,تكاوك,qAPapD1boJQHOonmlrH6CQvYBsj1,فتيكاك,zuhl0VgsLQQrdNuXSRPGA1hKdho1,فتكاك
أَفْطَر,0nGiVljOjHSAnhHpH19KT2t8IXy1,أفطر,3b8QgBWODObUoZkkOHnd3TWjzQf2,عفتر,JCZBRuBzVlTMICdtlmlhjuq4g4g2,أفطر,TwQbNF3F3cafaUiFKfg4bPyWn0j1,أفطر,gXTJZjzYIXfFDZtYO5OAw0XBMiU2,أفطر,iwsOqLOQVOSYKMCW30iSK40GrZH3,افذر,nMeMaYxhlwXlm4FWvHQt7Kaakr82,أصفر
قَمَّح,3tCpPOYPsCUdicDjBYJxW9vGfgj2,قمح,TwQbNF3F3cafaUiFKfg4bPyWn0j1,قمح,X7tTUctfjleYqNhxsxUjlIAytrv1,قمح,nMeMaYxhlwXlm4FWvHQt7Kaakr82,طمح,pKglcfQ7jaUbkEreh4aNGJ3ZAhq1,تاماه,r2bkl9BHYSh4AzcPGuwSi21rDWC2,طمح
حَيْص,3b8QgBWODObUoZkkOHnd3TWjzQf2,حيس,3tCpPOYPsCUdicDjBYJxW9vGfgj2,حيص,TwQbNF3F3cafaUiFKfg4bPyWn0j1,هايس,XOx4OEuuUZbdNz58VOQM4JliGus1,هيس,md1x3diYgOfz6Qy1o8ARTWjERID3,عايس,wgVwGL41WHYFTybDA4AWlZTCrns1,حيس
نَدَّد,2TcxLEOTBKYAURXoKZPIkDQnipE2,ندد,2tUqVuRLSvZ1fKB34xSmmuJYvhr2,ندد,50F5dwtdddhH54cCjarRp43Korp2,ندد,JCZBRuBzVlTMICdtlmlhjuq4g4g2,ندد,Pi40HzE66kMgAnFkWRDQRAOgiUi1,ند,pKglcfQ7jaUbkEreh4aNGJ3ZAhq1,ماد
اِعْتَزَى,2tUqVuRLSvZ1fKB34xSmmuJYvhr2,اعتزل,50F5dwtdddhH54cCjarRp43Korp2,أعتزة,6INXhpXg6PMrc1X6DUP6g6po7M12,عاتزة,PftUkxhmGyQtVP3GkWwRB0c1ynY2,اءودسية,QAKh6ymQKFgDj6n7DDaBGNqcDZQ2,الأتزة,X7tTUctfjleYqNhxsxUjlIAytrv1,إعتزا,pKglcfQ7jaUbkEreh4aNGJ3ZAhq1,إاعتزة
عُذْرَة,2TcxLEOTBKYAURXoKZPIkDQnipE2,عذرة,2tUqVuRLSvZ1fKB34xSmmuJYvhr2,قصد,50F5dwtdddhH54cCjarRp43Korp2,أعذرة,5HM1VvkUlabbK1p4yE5eKaEB7XP2,عثرا,N93fWkm2CzcotDG1qDjrX4bsMFx2,عذرا,X7tTUctfjleYqNhxsxUjlIAytrv1,عظرة,XOx4OEuuUZbdNz58VOQM4JliGus1,عذرة,pKglcfQ7jaUbkEreh4aNGJ3ZAhq1,روذرة
سَجَّل,2TcxLEOTBKYAURXoKZPIkDQnipE2,سجل,50F5dwtdddhH54cCjarRp43Korp2,سجل,6INXhpXg6PMrc1X6DUP6g6po7M12,سجل,X7tTUctfjleYqNhxsxUjlIAytrv1,سجل,m44Q5JmPHfhZEm8jjytZWYQVByr2,سجل,wY9nLxfvecNw99lS9Wx0pT9YLcj1,سجل
مُكَسَّم,50F5dwtdddhH54cCjarRp43Korp2,مكسم,7ufW8HufEvZWeL4UF3c8ZMdVL8x1,موكسم,QAKh6ymQKFgDj6n7DDaBGNqcDZQ2,مقسم,iwsOqLOQVOSYKMCW30iSK40GrZH3,موقسان,qAPapD1boJQHOonmlrH6CQvYBsj1,موكاسام,wgVwGL41WHYFTybDA4AWlZTCrns1,مكسن
خاء,0nGiVljOjHSAnhHpH19KT2t8IXy1,خاء,2TcxLEOTBKYAURXoKZPIkDQnipE2,خاء,JCZBRuBzVlTMICdtlmlhjuq4g4g2,خاء,gXTJZjzYIXfFDZtYO5OAw0XBMiU2,خاء,ixzh0eq0UKPrhqgKTEKMyDjaBdj1,خاء,zuhl0VgsLQQrdNuXSRPGA1hKdho1,خاء
سَبّاب,50F5dwtdddhH54cCjarRp43Korp2,سباب,N93fWkm2CzcotDG1qDjrX4bsMFx2,سباب,X7tTUctfjleYqNhxsxUjlIAytrv1,سباب,iwsOqLOQVOSYKMCW30iSK40GrZH3,سباب,qAPapD1boJQHOonmlrH6CQvYBsj1,ساباب,wgVwGL41WHYFTybDA4AWlZTCrns1,سباب
تَحَفَّى,2TcxLEOTBKYAURXoKZPIkDQnipE2,تحفع,3tCpPOYPsCUdicDjBYJxW9vGfgj2,تحفى,5HM1VvkUlabbK1p4yE5eKaEB7XP2,دهفة,Pi40HzE66kMgAnFkWRDQRAOgiUi1,دحس,ixzh0eq0UKPrhqgKTEKMyDjaBdj1,تحفة,md1x3diYgOfz6Qy1o8ARTWjERID3,تحفة,r2bkl9BHYSh4AzcPGuwSi21rDWC2,طاحافسا
آمِر,0nGiVljOjHSAnhHpH19KT2t8IXy1,آمر,3b8QgBWODObUoZkkOHnd3TWjzQf2,عامر,TwQbNF3F3cafaUiFKfg4bPyWn0j1,آمر,X7tTUctfjleYqNhxsxUjlIAytrv1,آمر,gXTJZjzYIXfFDZtYO5OAw0XBMiU2,أمر,nMeMaYxhlwXlm4FWvHQt7Kaakr82,آمر,zuhl0VgsLQQrdNuXSRPGA1hKdho1,أمر
زَنْبَق,66Mtp85SOJbXbzqerjYxSrB8slF2,زنبق,7ufW8HufEvZWeL4UF3c8ZMdVL8x1,زمبك,Pi40HzE66kMgAnFkWRDQRAOgiUi1,زنبق,iwsOqLOQVOSYKMCW30iSK40GrZH3,زنبق,qAPapD1boJQHOonmlrH6CQvYBsj1,زيمباق,wY9nLxfvecNw99lS9Wx0pT9YLcj1,زنبق
وِقائِيَّة,2tUqVuRLSvZ1fKB34xSmmuJYvhr2,رقائية,50F5dwtdddhH54cCjarRp43Korp2,عاقائية,6INXhpXg6PMrc1X6DUP6g6po7M12,وقائية,7ufW8HufEvZWeL4UF3c8ZMdVL8x1,واقيا,QAKh6ymQKFgDj6n7DDaBGNqcDZQ2,رعقية,m44Q5JmPHfhZEm8jjytZWYQVByr2,وكاية
كاشَف,JCZBRuBzVlTMICdtlmlhjuq4g4g2,كاشف,P24SY11mpCMuVMHHaxRQs6vXywy1,كاشف,TwQbNF3F3cafaUiFKfg4bPyWn0j1,كاسف,md1x3diYgOfz6Qy1o8ARTWjERID3,كاشس,nMeMaYxhlwXlm4FWvHQt7Kaakr82,كاشف,wgVwGL41WHYFTybDA4AWlZTCrns1,كشف
تَحَيَّن,2tUqVuRLSvZ1fKB34xSmmuJYvhr2,تحيط,3b8QgBWODObUoZkkOHnd3TWjzQf2,تحيم,gXTJZjzYIXfFDZtYO5OAw0XBMiU2,طحيان,nMeMaYxhlwXlm4FWvHQt7Kaakr82,تحيا,r2bkl9BHYSh4AzcPGuwSi21rDWC2,تحاين,zuhl0VgsLQQrdNuXSRPGA1hKdho1,تاحاياد
جابَه,5HM1VvkUlabbK1p4yE5eKaEB7XP2,جابه,6INXhpXg6PMrc1X6DUP6g6po7M12,جابح,ixzh0eq0UKPrhqgKTEKMyDjaBdj1,جابه,m44Q5JmPHfhZEm8jjytZWYQVByr2,جابح,r2bkl9BHYSh4AzcPGuwSi21rDWC2,جاب,wgVwGL41WHYFTybDA4AWlZTCrns1,جابه
غارِب,50F5dwtdddhH54cCjarRp43Korp2,غارب,5HM1VvkUlabbK1p4yE5eKaEB7XP2,عرب,Np3DftSUFTW0CyOFRYdWIqt9pW92,خارب,gXTJZjzYIXfFDZtYO5OAw0XBMiU2,زارب,md1x3diYgOfz6Qy1o8ARTWjERID3,غيرت,wY9nLxfvecNw99lS9Wx0pT9YLcj1,غارب
فَرُّوج,0nGiVljOjHSAnhHpH19KT2t8IXy1,فروج,6INXhpXg6PMrc1X6DUP6g6po7M12,فروج,7e2jltTPz2NCI14esaf5iDfGyUk1,فاروج,X7tTUctfjleYqNhxsxUjlIAytrv1,فروج,pKglcfQ7jaUbkEreh4aNGJ3ZAhq1,فاروج,r2bkl9BHYSh4AzcPGuwSi21rDWC2,فروخ
نُزُوع,2TcxLEOTBKYAURXoKZPIkDQnipE2,نزوع,3tCpPOYPsCUdicDjBYJxW9vGfgj2,نزوع,N93fWkm2CzcotDG1qDjrX4bsMFx2,نزوع,P24SY11mpCMuVMHHaxRQs6vXywy1,نزوا,XOx4OEuuUZbdNz58VOQM4JliGus1,نصوة,ixzh0eq0UKPrhqgKTEKMyDjaBdj1,نزوعة
مُنْقِذ,2tUqVuRLSvZ1fKB34xSmmuJYvhr2,منقذ,7ufW8HufEvZWeL4UF3c8ZMdVL8x1,ممقت,JCZBRuBzVlTMICdtlmlhjuq4g4g2,موقذ,P24SY11mpCMuVMHHaxRQs6vXywy1,منتف,Pi40HzE66kMgAnFkWRDQRAOgiUi1,منقت,m44Q5JmPHfhZEm8jjytZWYQVByr2,مونببث,qAPapD1boJQHOonmlrH6CQvYBsj1,نومبيت,wgVwGL41WHYFTybDA4AWlZTCrns1,مكرت
اِنْدَهَش,7e2jltTPz2NCI14esaf5iDfGyUk1,يندحج,Np3DftSUFTW0CyOFRYdWIqt9pW92,اندحج,XOx4OEuuUZbdNz58VOQM4JliGus1,إنداهش,md1x3diYgOfz6Qy1o8ARTWjERID3,إنظحش,qAPapD1boJQHOonmlrH6CQvYBsj1,انداها,wY9nLxfvecNw99lS9Wx0pT9YLcj1,اندهش
باسُور,0nGiVljOjHSAnhHpH19KT2t8IXy1,باسور,3b8QgBWODObUoZkkOHnd3TWjzQf2,بعصور,N93fWkm2CzcotDG1qDjrX4bsMFx2,بعصور,gXTJZjzYIXfFDZtYO5OAw0XBMiU2,بصور,md1x3diYgOfz6Qy1o8ARTWjERID3,باسور,wY9nLxfvecNw99lS9Wx0pT9YLcj1,باسور
زَكِي,2tUqVuRLSvZ1fKB34xSmmuJYvhr2,ذكي,6INXhpXg6PMrc1X6DUP6g6po7M12,زكي,JCZBRuBzVlTMICdtlmlhjuq4g4g2,زكي,gXTJZjzYIXfFDZtYO5OAw0XBMiU2,زقي,nMeMaYxhlwXlm4FWvHQt7Kaakr82,زكي,zuhl0VgsLQQrdNuXSRPGA1hKdho1,زكيج
مُخْل,0nGiVljOjHSAnhHpH19KT2t8IXy1,مخل,2tUqVuRLSvZ1fKB34xSmmuJYvhr2,مخن,6INXhpXg6PMrc1X6DUP6g6po7M12,مؤحل,QAKh6ymQKFgDj6n7DDaBGNqcDZQ2,محل,pKglcfQ7jaUbkEreh4aNGJ3ZAhq1,موحل,r2bkl9BHYSh4AzcPGuwSi21rDWC2,نحل
آسِي,0nGiVljOjHSAnhHpH19KT2t8IXy1,آسي,3b8QgBWODObUoZkkOHnd3TWjzQf2,عسي,3tCpPOYPsCUdicDjBYJxW9vGfgj2,آسي,P24SY11mpCMuVMHHaxRQs6vXywy1,اعسي,TwQbNF3F3cafaUiFKfg4bPyWn0j1,آسي,md1x3diYgOfz6Qy1o8ARTWjERID3,أسي,nMeMaYxhlwXlm4FWvHQt7Kaakr82,آس
مُنْغَلِق,0nGiVljOjHSAnhHpH19KT2t8IXy1,منغلق,N93fWkm2CzcotDG1qDjrX4bsMFx2,مغلق,TwQbNF3F3cafaUiFKfg4bPyWn0j1,إنغلق,iwsOqLOQVOSYKMCW30iSK40GrZH3,انغلة,qAPapD1boJQHOonmlrH6CQvYBsj1,نغاليق,zuhl0VgsLQQrdNuXSRPGA1hKdho1,نغالياك
وُقُوع,5HM1VvkUlabbK1p4yE5eKaEB7XP2,وقو,N93fWkm2CzcotDG1qDjrX4bsMFx2,وقوع,Np3DftSUFTW0CyOFRYdWIqt9pW92,وقوع,P24SY11mpCMuVMHHaxRQs6vXywy1,وقوة,XOx4OEuuUZbdNz58VOQM4JliGus1,واقوع,zuhl0VgsLQQrdNuXSRPGA1hKdho1,ووكوة
هُدُوء,3tCpPOYPsCUdicDjBYJxW9vGfgj2,هدوء,50F5dwtdddhH54cCjarRp43Korp2,هدوء,66Mtp85SOJbXbzqerjYxSrB8slF2,خدو,7ufW8HufEvZWeL4UF3c8ZMdVL8x1,همدوء,QAKh6ymQKFgDj6n7DDaBGNqcDZQ2,حدؤ,iwsOqLOQVOSYKMCW30iSK40GrZH3,هودوك,qAPapD1boJQHOonmlrH6CQvYBsj1,حودوء
شَفُوق,2TcxLEOTBKYAURXoKZPIkDQnipE2,شافوق,5HM1VvkUlabbK1p4yE5eKaEB7XP2,شفوق,66Mtp85SOJbXbzqerjYxSrB8slF2,شخو,6INXhpXg6PMrc1X6DUP6g6po7M12,شفوق,N93fWkm2CzcotDG1qDjrX4bsMFx2,شفوق,XOx4OEuuUZbdNz58VOQM4JliGus1,شفوق
سِكَنْدِينافِيّ,2tUqVuRLSvZ1fKB34xSmmuJYvhr2,اسكندنافي,6INXhpXg6PMrc1X6DUP6g6po7M12,سكاندناوي,PftUkxhmGyQtVP3GkWwRB0c1ynY2,سكينديلبي,X7tTUctfjleYqNhxsxUjlIAytrv1,سكندنرفي,pKglcfQ7jaUbkEreh4aNGJ3ZAhq1,سكاندينافي,r2bkl9BHYSh4AzcPGuwSi21rDWC2,سكنرينافي
هُوِيَّة,2tUqVuRLSvZ1fKB34xSmmuJYvhr2,هوية,6INXhpXg6PMrc1X6DUP6g6po7M12,هوية,QAKh6ymQKFgDj6n7DDaBGNqcDZQ2,حوية,X7tTUctfjleYqNhxsxUjlIAytrv1,هوية,pKglcfQ7jaUbkEreh4aNGJ3ZAhq1,هوية
أُمْحُوضَة,0nGiVljOjHSAnhHpH19KT2t8IXy1,أمحوضة,3b8QgBWODObUoZkkOHnd3TWjzQf2,عمحودا,5HM1VvkUlabbK1p4yE5eKaEB7XP2,عمهادة,N93fWkm2CzcotDG1qDjrX4bsMFx2,أمحوضة,TwQbNF3F3cafaUiFKfg4bPyWn0j1,امخوضة,gXTJZjzYIXfFDZtYO5OAw0XBMiU2,أنحدة,nMeMaYxhlwXlm4FWvHQt7Kaakr82,أمهوضة
مُتَّبَع,Np3DftSUFTW0CyOFRYdWIqt9pW92,متبعا,QAKh6ymQKFgDj6n7DDaBGNqcDZQ2,موطبة,gXTJZjzYIXfFDZtYO5OAw0XBMiU2,مطبة,iwsOqLOQVOSYKMCW30iSK40GrZH3,مطبع,nMeMaYxhlwXlm4FWvHQt7Kaakr82,متبع,qAPapD1boJQHOonmlrH6CQvYBsj1,موتابا,wY9nLxfvecNw99lS9Wx0pT9YLcj1,متبع
تَرْغِيب,0nGiVljOjHSAnhHpH19KT2t8IXy1,ترغيب,3b8QgBWODObUoZkkOHnd3TWjzQf2,ترليب,6INXhpXg6PMrc1X6DUP6g6po7M12,ترجيب,7ufW8HufEvZWeL4UF3c8ZMdVL8x1,ترورب,gXTJZjzYIXfFDZtYO5OAw0XBMiU2,طرغيب,zuhl0VgsLQQrdNuXSRPGA1hKdho1,تاروجيب
مُعاوَدَة,0nGiVljOjHSAnhHpH19KT2t8IXy1,معاوضة,3b8QgBWODObUoZkkOHnd3TWjzQf2,موعضة,50F5dwtdddhH54cCjarRp43Korp2,معاودة,gXTJZjzYIXfFDZtYO5OAw0XBMiU2,معودة,m44Q5JmPHfhZEm8jjytZWYQVByr2,موادة,nMeMaYxhlwXlm4FWvHQt7Kaakr82,مهاودة,wY9nLxfvecNw99lS9Wx0pT9YLcj1,معاودة
تَناثُر,50F5dwtdddhH54cCjarRp43Korp2,تناثر,5HM1VvkUlabbK1p4yE5eKaEB7XP2,طنفر,7e2jltTPz2NCI14esaf5iDfGyUk1,تنثور,Np3DftSUFTW0CyOFRYdWIqt9pW92,تناصر,m44Q5JmPHfhZEm8jjytZWYQVByr2,تنافل,qAPapD1boJQHOonmlrH6CQvYBsj1,تاناثر
تَشَبَّع,2lSg7qDaeyNaIpig17JKSu0DvKf1,تشبع,66Mtp85SOJbXbzqerjYxSrB8slF2,تشبة,7ufW8HufEvZWeL4UF3c8ZMdVL8x1,تشبة,N93fWkm2CzcotDG1qDjrX4bsMFx2,تشبع,QAKh6ymQKFgDj6n7DDaBGNqcDZQ2,تشبا,iwsOqLOQVOSYKMCW30iSK40GrZH3,تشبع,qAPapD1boJQHOonmlrH6CQvYBsj1,تيشابا,r2bkl9BHYSh4AzcPGuwSi21rDWC2,تشابع,wgVwGL41WHYFTybDA4AWlZTCrns1,تشبء
ذَهَبِيّ,50F5dwtdddhH54cCjarRp43Korp2,دهبي,6INXhpXg6PMrc1X6DUP6g6po7M12,ذهبي,7e2jltTPz2NCI14esaf5iDfGyUk1,ذاحبي,Pi40HzE66kMgAnFkWRDQRAOgiUi1,ذهبي,QAKh6ymQKFgDj6n7DDaBGNqcDZQ2,ظحبي,iwsOqLOQVOSYKMCW30iSK40GrZH3,تهبي,ixzh0eq0UKPrhqgKTEKMyDjaBdj1,ذهبي
تَفاوَض,2TcxLEOTBKYAURXoKZPIkDQnipE2,تفاوض,7e2jltTPz2NCI14esaf5iDfGyUk1,تفوت,Np3DftSUFTW0CyOFRYdWIqt9pW92,ظفواة,Pi40HzE66kMgAnFkWRDQRAOgiUi1,تفوط,iwsOqLOQVOSYKMCW30iSK40GrZH3,طفوت,ixzh0eq0UKPrhqgKTEKMyDjaBdj1,تفاوض
مُتَنَفَّس,2TcxLEOTBKYAURXoKZPIkDQnipE2,متنفس,7e2jltTPz2NCI14esaf5iDfGyUk1,متنافس,P24SY11mpCMuVMHHaxRQs6vXywy1,متنفس,ixzh0eq0UKPrhqgKTEKMyDjaBdj1,متنفس,m44Q5JmPHfhZEm8jjytZWYQVByr2,متنفص,wgVwGL41WHYFTybDA4AWlZTCrns1,متنفس
قِنَّبِيّ,5HM1VvkUlabbK1p4yE5eKaEB7XP2,قانغيت,66Mtp85SOJbXbzqerjYxSrB8slF2,قنبي,Np3DftSUFTW0CyOFRYdWIqt9pW92,بناوي,XOx4OEuuUZbdNz58VOQM4JliGus1,قنابي,ixzh0eq0UKPrhqgKTEKMyDjaBdj1,قنبي,zuhl0VgsLQQrdNuXSRPGA1hKdho1,كنبي
غِراس,2tUqVuRLSvZ1fKB34xSmmuJYvhr2,ميراث,QAKh6ymQKFgDj6n7DDaBGNqcDZQ2,مراس,X7tTUctfjleYqNhxsxUjlIAytrv1,ليراس,md1x3diYgOfz6Qy1o8ARTWjERID3,فراس,qAPapD1boJQHOonmlrH6CQvYBsj1,اراس,r2bkl9BHYSh4AzcPGuwSi21rDWC2,ليرس
تَفْتِيح,0nGiVljOjHSAnhHpH19KT2t8IXy1,تفتيح,3b8QgBWODObUoZkkOHnd3TWjzQf2,تفتي,7e2jltTPz2NCI14esaf5iDfGyUk1,تشتيح,X7tTUctfjleYqNhxsxUjlIAytrv1,تفتيح,gXTJZjzYIXfFDZtYO5OAw0XBMiU2,تفتيح,r2bkl9BHYSh4AzcPGuwSi21rDWC2,تفتيح
ضَعَة,66Mtp85SOJbXbzqerjYxSrB8slF2,داة,7e2jltTPz2NCI14esaf5iDfGyUk1,ضا,Np3DftSUFTW0CyOFRYdWIqt9pW92,ضاء,m44Q5JmPHfhZEm8jjytZWYQVByr2,قوا,qAPapD1boJQHOonmlrH6CQvYBsj1,دا,wY9nLxfvecNw99lS9Wx0pT9YLcj1,ضع
أَخْصَب,3tCpPOYPsCUdicDjBYJxW9vGfgj2,اغصب,50F5dwtdddhH54cCjarRp43Korp2,أخصب,Pi40HzE66kMgAnFkWRDQRAOgiUi1,احصب,md1x3diYgOfz6Qy1o8ARTWjERID3,أجطب,qAPapD1boJQHOonmlrH6CQvYBsj1,احصب,zuhl0VgsLQQrdNuXSRPGA1hKdho1,أخيب
تَغَيُّبِيَّة,2TcxLEOTBKYAURXoKZPIkDQnipE2,تغيبية,50F5dwtdddhH54cCjarRp43Korp2,تغيبية,5HM1VvkUlabbK1p4yE5eKaEB7XP2,طغيوبية,P24SY11mpCMuVMHHaxRQs6vXywy1,ترينية,X7tTUctfjleYqNhxsxUjlIAytrv1,تغيوبية,pKglcfQ7jaUbkEreh4aNGJ3ZAhq1,تغيوبية,wY9nLxfvecNw99lS9Wx0pT9YLcj1,تغيبية
مُلاعِب,2tUqVuRLSvZ1fKB34xSmmuJYvhr2,ملاعب,50F5dwtdddhH54cCjarRp43Korp2,ملائب,QAKh6ymQKFgDj6n7DDaBGNqcDZQ2,مولائب,X7tTUctfjleYqNhxsxUjlIAytrv1,ملاعب,md1x3diYgOfz6Qy1o8ARTWjERID3,ملائز
زَحّاف,2TcxLEOTBKYAURXoKZPIkDQnipE2,زحاف,3tCpPOYPsCUdicDjBYJxW9vGfgj2,زحاف,N93fWkm2CzcotDG1qDjrX4bsMFx2,زحاذ,P24SY11mpCMuVMHHaxRQs6vXywy1,زخاف,pKglcfQ7jaUbkEreh4aNGJ3ZAhq1,زاحاف
غَنَم,2TcxLEOTBKYAURXoKZPIkDQnipE2,غنم,2tUqVuRLSvZ1fKB34xSmmuJYvhr2,غنم,Np3DftSUFTW0CyOFRYdWIqt9pW92,نم,ixzh0eq0UKPrhqgKTEKMyDjaBdj1,غنم,m44Q5JmPHfhZEm8jjytZWYQVByr2,غنم,r2bkl9BHYSh4AzcPGuwSi21rDWC2,غنم
تَأْرِيخِيّ,0nGiVljOjHSAnhHpH19KT2t8IXy1,تأريخي,3b8QgBWODObUoZkkOHnd3TWjzQf2,تحريحي,JCZBRuBzVlTMICdtlmlhjuq4g4g2,تأرغي,XOx4OEuuUZbdNz58VOQM4JliGus1,تائرخيح,gXTJZjzYIXfFDZtYO5OAw0XBMiU2,تاءريخي,zuhl0VgsLQQrdNuXSRPGA1hKdho1,تاءريهي
إِعْفاء,2TcxLEOTBKYAURXoKZPIkDQnipE2,اعفاء,7e2jltTPz2NCI14esaf5iDfGyUk1,ارفة,N93fWkm2CzcotDG1qDjrX4bsMFx2,عرفاء,XOx4OEuuUZbdNz58VOQM4JliGus1,افأ,m44Q5JmPHfhZEm8jjytZWYQVByr2,افة,r2bkl9BHYSh4AzcPGuwSi21rDWC2,يفا,zuhl0VgsLQQrdNuXSRPGA1hKdho1,افاء
تَطارَح,N93fWkm2CzcotDG1qDjrX4bsMFx2,تطارح,iwsOqLOQVOSYKMCW30iSK40GrZH3,تطرة,ixzh0eq0UKPrhqgKTEKMyDjaBdj1,تطارح,qAPapD1boJQHOonmlrH6CQvYBsj1,قتارة,r2bkl9BHYSh4AzcPGuwSi21rDWC2,تترح,wY9nLxfvecNw99lS9Wx0pT9YLcj1,تطارح,wgVwGL41WHYFTybDA4AWlZTCrns1,تقرح
تَشْنِيف,0nGiVljOjHSAnhHpH19KT2t8IXy1,تشنيف,6INXhpXg6PMrc1X6DUP6g6po7M12,تشنيف,QAKh6ymQKFgDj6n7DDaBGNqcDZQ2,تشنيف,TwQbNF3F3cafaUiFKfg4bPyWn0j1,تشنيف,iwsOqLOQVOSYKMCW30iSK40GrZH3,تاشنيف,nMeMaYxhlwXlm4FWvHQt7Kaakr82,تشنيف,r2bkl9BHYSh4AzcPGuwSi21rDWC2,تشنيف
إِفادَة,50F5dwtdddhH54cCjarRp43Korp2,افاضة,5HM1VvkUlabbK1p4yE5eKaEB7XP2,افعظة,7e2jltTPz2NCI14esaf5iDfGyUk1,يفادة,X7tTUctfjleYqNhxsxUjlIAytrv1,إفادا,pKglcfQ7jaUbkEreh4aNGJ3ZAhq1,إفادة,wY9nLxfvecNw99lS9Wx0pT9YLcj1,إفادة
طاعَة,3tCpPOYPsCUdicDjBYJxW9vGfgj2,طاع,50F5dwtdddhH54cCjarRp43Korp2,طاعة,66Mtp85SOJbXbzqerjYxSrB8slF2,طاة,QAKh6ymQKFgDj6n7DDaBGNqcDZQ2,طهة,TwQbNF3F3cafaUiFKfg4bPyWn0j1,طاعة,iwsOqLOQVOSYKMCW30iSK40GrZH3,تاهة
مَخاض,0nGiVljOjHSAnhHpH19KT2t8IXy1,مخاض,6INXhpXg6PMrc1X6DUP6g6po7M12,مخاض,QAKh6ymQKFgDj6n7DDaBGNqcDZQ2,محاب,TwQbNF3F3cafaUiFKfg4bPyWn0j1,مخاض,m44Q5JmPHfhZEm8jjytZWYQVByr2,محاب,nMeMaYxhlwXlm4FWvHQt7Kaakr82,محاق,wgVwGL41WHYFTybDA4AWlZTCrns1,مخاب
مِنَوِيّ,66Mtp85SOJbXbzqerjYxSrB8slF2,منوي,7e2jltTPz2NCI14esaf5iDfGyUk1,مناو,N93fWkm2CzcotDG1qDjrX4bsMFx2,منوي,PftUkxhmGyQtVP3GkWwRB0c1ynY2,ميناوج,m44Q5JmPHfhZEm8jjytZWYQVByr2,منوي,wgVwGL41WHYFTybDA4AWlZTCrns1,منوي
أَهْدَأ,N93fWkm2CzcotDG1qDjrX4bsMFx2,احدء,Np3DftSUFTW0CyOFRYdWIqt9pW92,أخدة,P24SY11mpCMuVMHHaxRQs6vXywy1,احدة,Pi40HzE66kMgAnFkWRDQRAOgiUi1,احدء,gXTJZjzYIXfFDZtYO5OAw0XBMiU2,أحدة,nMeMaYxhlwXlm4FWvHQt7Kaakr82,احد,pKglcfQ7jaUbkEreh4aNGJ3ZAhq1,أحدة
غَلْفَنَة,5HM1VvkUlabbK1p4yE5eKaEB7XP2,قلفنة,7e2jltTPz2NCI14esaf5iDfGyUk1,غلفنة,md1x3diYgOfz6Qy1o8ARTWjERID3,قلفبة,qAPapD1boJQHOonmlrH6CQvYBsj1,غالفانا,r2bkl9BHYSh4AzcPGuwSi21rDWC2,جلزما,zuhl0VgsLQQrdNuXSRPGA1hKdho1,غالفانة
أَبَوِيّ,66Mtp85SOJbXbzqerjYxSrB8slF2,ابوي,PftUkxhmGyQtVP3GkWwRB0c1ynY2,اباويت,QAKh6ymQKFgDj6n7DDaBGNqcDZQ2,أبوي,X7tTUctfjleYqNhxsxUjlIAytrv1,أبوي,iwsOqLOQVOSYKMCW30iSK40GrZH3,ابوي,wY9nLxfvecNw99lS9Wx0pT9YLcj1,أبوي
شَجِيّ,2tUqVuRLSvZ1fKB34xSmmuJYvhr2,شجي,6INXhpXg6PMrc1X6DUP6g6po7M12,شجي,ixzh0eq0UKPrhqgKTEKMyDjaBdj1,شجي,md1x3diYgOfz6Qy1o8ARTWjERID3,شدخي,r2bkl9BHYSh4AzcPGuwSi21rDWC2,شاجي
وَحَى,2TcxLEOTBKYAURXoKZPIkDQnipE2,وحى,66Mtp85SOJbXbzqerjYxSrB8slF2,واحة,7e2jltTPz2NCI14esaf5iDfGyUk1,وحة,7ufW8HufEvZWeL4UF3c8ZMdVL8x1,واهة,XOx4OEuuUZbdNz58VOQM4JliGus1,واحة,ixzh0eq0UKPrhqgKTEKMyDjaBdj1,واحة,m44Q5JmPHfhZEm8jjytZWYQVByr2,وحة,wgVwGL41WHYFTybDA4AWlZTCrns1,وحا
مُشارَطَة,5HM1VvkUlabbK1p4yE5eKaEB7XP2,مشاردة,66Mtp85SOJbXbzqerjYxSrB8slF2,مشارتة,7e2jltTPz2NCI14esaf5iDfGyUk1,مخرتة,XOx4OEuuUZbdNz58VOQM4JliGus1,مشارطة,ixzh0eq0UKPrhqgKTEKMyDjaBdj1,مشارطة,md1x3diYgOfz6Qy1o8ARTWjERID3,مشادتة,wgVwGL41WHYFTybDA4AWlZTCrns1,مشاردة
لَفْظِيّ,3b8QgBWODObUoZkkOHnd3TWjzQf2,نفدي,3tCpPOYPsCUdicDjBYJxW9vGfgj2,لفظي,7ufW8HufEvZWeL4UF3c8ZMdVL8x1,لاسوظوي,Np3DftSUFTW0CyOFRYdWIqt9pW92,نفضي,iwsOqLOQVOSYKMCW30iSK40GrZH3,لاسدوي,ixzh0eq0UKPrhqgKTEKMyDjaBdj1,نفضي
مِعْيار,2tUqVuRLSvZ1fKB34xSmmuJYvhr2,اخفت,3b8QgBWODObUoZkkOHnd3TWjzQf2,نحية,50F5dwtdddhH54cCjarRp43Korp2,معيار,Np3DftSUFTW0CyOFRYdWIqt9pW92,نيعارة,P24SY11mpCMuVMHHaxRQs6vXywy1,نحيار,zuhl0VgsLQQrdNuXSRPGA1hKdho1,مريار
مُتَسَرْبِل,0nGiVljOjHSAnhHpH19KT2t8IXy1,متسربل,50F5dwtdddhH54cCjarRp43Korp2,مطصربل,5HM1VvkUlabbK1p4yE5eKaEB7XP2,متصربيل,7e2jltTPz2NCI14esaf5iDfGyUk1,متصربل,N93fWkm2CzcotDG1qDjrX4bsMFx2,متسربل,zuhl0VgsLQQrdNuXSRPGA1hKdho1,متزربل
تَكْرارِيّ,0nGiVljOjHSAnhHpH19KT2t8IXy1,تكراري,3b8QgBWODObUoZkkOHnd3TWjzQf2,تكرعري,6INXhpXg6PMrc1X6DUP6g6po7M12,تكراري,Pi40HzE66kMgAnFkWRDQRAOgiUi1,تكراري,TwQbNF3F3cafaUiFKfg4bPyWn0j1,تكراري,gXTJZjzYIXfFDZtYO5OAw0XBMiU2,تكرري,nMeMaYxhlwXlm4FWvHQt7Kaakr82,تقراريز
جَمَح,0nGiVljOjHSAnhHpH19KT2t8IXy1,جمح,3b8QgBWODObUoZkkOHnd3TWjzQf2,جمع,JCZBRuBzVlTMICdtlmlhjuq4g4g2,جمح,P24SY11mpCMuVMHHaxRQs6vXywy1,جمح,gXTJZjzYIXfFDZtYO5OAw0XBMiU2,جماح,pKglcfQ7jaUbkEreh4aNGJ3ZAhq1,جماه
نَبَّس,2TcxLEOTBKYAURXoKZPIkDQnipE2,نبس,3b8QgBWODObUoZkkOHnd3TWjzQf2,نبش,3tCpPOYPsCUdicDjBYJxW9vGfgj2,نبس,JCZBRuBzVlTMICdtlmlhjuq4g4g2,نبس,TwQbNF3F3cafaUiFKfg4bPyWn0j1,نبس
رَقّامَة,2tUqVuRLSvZ1fKB34xSmmuJYvhr2,رقامة,P24SY11mpCMuVMHHaxRQs6vXywy1,رقامة,Pi40HzE66kMgAnFkWRDQRAOgiUi1,رقامة,X7tTUctfjleYqNhxsxUjlIAytrv1,رقامة,XOx4OEuuUZbdNz58VOQM4JliGus1,راقامة,pKglcfQ7jaUbkEreh4aNGJ3ZAhq1,راقامة
تَرَخِّي,2TcxLEOTBKYAURXoKZPIkDQnipE2,ترخي,2tUqVuRLSvZ1fKB34xSmmuJYvhr2,منظوم,5HM1VvkUlabbK1p4yE5eKaEB7XP2,ترعحي,6INXhpXg6PMrc1X6DUP6g6po7M12,ترخي,ixzh0eq0UKPrhqgKTEKMyDjaBdj1,ترخي,m44Q5JmPHfhZEm8jjytZWYQVByr2,ترح,r2bkl9BHYSh4AzcPGuwSi21rDWC2,تاراحي
فَهْرَس,0nGiVljOjHSAnhHpH19KT2t8IXy1,فهرس,3b8QgBWODObUoZkkOHnd3TWjzQf2,فحرس,7e2jltTPz2NCI14esaf5iDfGyUk1,فحرس,N93fWkm2CzcotDG1qDjrX4bsMFx2,ثحرس,XOx4OEuuUZbdNz58VOQM4JliGus1,فاحراس,r2bkl9BHYSh4AzcPGuwSi21rDWC2,صاحرس
مَنْخُوب,2TcxLEOTBKYAURXoKZPIkDQnipE2,منخوب,ixzh0eq0UKPrhqgKTEKMyDjaBdj1,منخوب,m44Q5JmPHfhZEm8jjytZWYQVByr2,منحب,qAPapD1boJQHOonmlrH6CQvYBsj1,مانوب,wY9nLxfvecNw99lS9Wx0pT9YLcj1,منخوب,wgVwGL41WHYFTybDA4AWlZTCrns1,منخوب
دَيْجُور,2tUqVuRLSvZ1fKB34xSmmuJYvhr2,بيجور,5HM1VvkUlabbK1p4yE5eKaEB7XP2,بيجور,N93fWkm2CzcotDG1qDjrX4bsMFx2,بيجور,Np3DftSUFTW0CyOFRYdWIqt9pW92,بيجول,ixzh0eq0UKPrhqgKTEKMyDjaBdj1,بيجور,m44Q5JmPHfhZEm8jjytZWYQVByr2,بيجول
فُرْشَة,2TcxLEOTBKYAURXoKZPIkDQnipE2,فرشة,Np3DftSUFTW0CyOFRYdWIqt9pW92,فروش,X7tTUctfjleYqNhxsxUjlIAytrv1,فرشة,XOx4OEuuUZbdNz58VOQM4JliGus1,فورشء,gXTJZjzYIXfFDZtYO5OAw0XBMiU2,فرشة,m44Q5JmPHfhZEm8jjytZWYQVByr2,فلشة
تَهالَك,3tCpPOYPsCUdicDjBYJxW9vGfgj2,تهالك,6INXhpXg6PMrc1X6DUP6g6po7M12,تحالق,JCZBRuBzVlTMICdtlmlhjuq4g4g2,تهالك,P24SY11mpCMuVMHHaxRQs6vXywy1,تهللك,iwsOqLOQVOSYKMCW30iSK40GrZH3,تحالك,r2bkl9BHYSh4AzcPGuwSi21rDWC2,تاحالك
مُقْنِع,2tUqVuRLSvZ1fKB34xSmmuJYvhr2,مقنع,7ufW8HufEvZWeL4UF3c8ZMdVL8x1,مكنئ,P24SY11mpCMuVMHHaxRQs6vXywy1,مكن,ixzh0eq0UKPrhqgKTEKMyDjaBdj1,مقنعة,m44Q5JmPHfhZEm8jjytZWYQVByr2,مكنيا,qAPapD1boJQHOonmlrH6CQvYBsj1,موكنعر
هَيْئَة,2tUqVuRLSvZ1fKB34xSmmuJYvhr2,هيئة,50F5dwtdddhH54cCjarRp43Korp2,هيأ,6INXhpXg6PMrc1X6DUP6g6po7M12,هيأ,QAKh6ymQKFgDj6n7DDaBGNqcDZQ2,حايعا,md1x3diYgOfz6Qy1o8ARTWjERID3,حياء
مَحْمُوم,2TcxLEOTBKYAURXoKZPIkDQnipE2,محموم,2tUqVuRLSvZ1fKB34xSmmuJYvhr2,محبوب,50F5dwtdddhH54cCjarRp43Korp2,مجموم,P24SY11mpCMuVMHHaxRQs6vXywy1,محموم,TwQbNF3F3cafaUiFKfg4bPyWn0j1,محموم,nMeMaYxhlwXlm4FWvHQt7Kaakr82,محمون
أَوْ,0nGiVljOjHSAnhHpH19KT2t8IXy1,أو,3b8QgBWODObUoZkkOHnd3TWjzQf2,او,QAKh6ymQKFgDj6n7DDaBGNqcDZQ2,آو,TwQbNF3F3cafaUiFKfg4bPyWn0j1,أو,gXTJZjzYIXfFDZtYO5OAw0XBMiU2,أو,iwsOqLOQVOSYKMCW30iSK40GrZH3,او,nMeMaYxhlwXlm4FWvHQt7Kaakr82,أو
تَقَشَّر,0nGiVljOjHSAnhHpH19KT2t8IXy1,تقشر,Pi40HzE66kMgAnFkWRDQRAOgiUi1,دقشر,QAKh6ymQKFgDj6n7DDaBGNqcDZQ2,طقشر,gXTJZjzYIXfFDZtYO5OAw0XBMiU2,طكشر,iwsOqLOQVOSYKMCW30iSK40GrZH3,طقشر,wY9nLxfvecNw99lS9Wx0pT9YLcj1,تقشر
حاضِرَة,2TcxLEOTBKYAURXoKZPIkDQnipE2,حاضرة,JCZBRuBzVlTMICdtlmlhjuq4g4g2,حادرة,Pi40HzE66kMgAnFkWRDQRAOgiUi1,حادر,XOx4OEuuUZbdNz58VOQM4JliGus1,حادرة,wY9nLxfvecNw99lS9Wx0pT9YLcj1,حاضرة,wgVwGL41WHYFTybDA4AWlZTCrns1,حدرة
فَلَع,5HM1VvkUlabbK1p4yE5eKaEB7XP2,فلة,66Mtp85SOJbXbzqerjYxSrB8slF2,فلاة,7e2jltTPz2NCI14esaf5iDfGyUk1,قالاء,JCZBRuBzVlTMICdtlmlhjuq4g4g2,فلعة,P24SY11mpCMuVMHHaxRQs6vXywy1,فلا,X7tTUctfjleYqNhxsxUjlIAytrv1,فلعة,m44Q5JmPHfhZEm8jjytZWYQVByr2,فلاء,wY9nLxfvecNw99lS9Wx0pT9YLcj1,فلع
مَفْسَدَة,0nGiVljOjHSAnhHpH19KT2t8IXy1,مفسدة,3b8QgBWODObUoZkkOHnd3TWjzQf2,نسفدة,7ufW8HufEvZWeL4UF3c8ZMdVL8x1,مسادة,Pi40HzE66kMgAnFkWRDQRAOgiUi1,نفسد,TwQbNF3F3cafaUiFKfg4bPyWn0j1,مفسدة,nMeMaYxhlwXlm4FWvHQt7Kaakr82,مفسدة,pKglcfQ7jaUbkEreh4aNGJ3ZAhq1,مافسدة
اِسْتِعْلامِيّ,3tCpPOYPsCUdicDjBYJxW9vGfgj2,استعلامي,50F5dwtdddhH54cCjarRp43Korp2,استعلامي,66Mtp85SOJbXbzqerjYxSrB8slF2,استالامي,7ufW8HufEvZWeL4UF3c8ZMdVL8x1,إستلمي,Np3DftSUFTW0CyOFRYdWIqt9pW92,استعرام,iwsOqLOQVOSYKMCW30iSK40GrZH3,استعمي
تَرْنِيخ,2TcxLEOTBKYAURXoKZPIkDQnipE2,ترنيخ,P24SY11mpCMuVMHHaxRQs6vXywy1,ترنيح,XOx4OEuuUZbdNz58VOQM4JliGus1,دارنيح,md1x3diYgOfz6Qy1o8ARTWjERID3,درنيغ,wY9nLxfvecNw99lS9Wx0pT9YLcj1,ترنيخ,zuhl0VgsLQQrdNuXSRPGA1hKdho1,ترنيخ
كِيلُوواط,2tUqVuRLSvZ1fKB34xSmmuJYvhr2,كيلوواط,5HM1VvkUlabbK1p4yE5eKaEB7XP2,كلوت,7e2jltTPz2NCI14esaf5iDfGyUk1,كيلووت,P24SY11mpCMuVMHHaxRQs6vXywy1,كلوت,Pi40HzE66kMgAnFkWRDQRAOgiUi1,كيروات,r2bkl9BHYSh4AzcPGuwSi21rDWC2,كيلوات,wgVwGL41WHYFTybDA4AWlZTCrns1,كلوات
بادَر,2TcxLEOTBKYAURXoKZPIkDQnipE2,بادر,JCZBRuBzVlTMICdtlmlhjuq4g4g2,بادر,XOx4OEuuUZbdNz58VOQM4JliGus1,بادر,iwsOqLOQVOSYKMCW30iSK40GrZH3,بادر,ixzh0eq0UKPrhqgKTEKMyDjaBdj1,بادر,r2bkl9BHYSh4AzcPGuwSi21rDWC2,بادر,wY9nLxfvecNw99lS9Wx0pT9YLcj1,بادر
وارَى,N93fWkm2CzcotDG1qDjrX4bsMFx2,وارى,QAKh6ymQKFgDj6n7DDaBGNqcDZQ2,وارة,iwsOqLOQVOSYKMCW30iSK40GrZH3,وارة,ixzh0eq0UKPrhqgKTEKMyDjaBdj1,وارة,wY9nLxfvecNw99lS9Wx0pT9YLcj1,وارر
خَوّاف,3b8QgBWODObUoZkkOHnd3TWjzQf2,حواف,TwQbNF3F3cafaUiFKfg4bPyWn0j1,هواف,X7tTUctfjleYqNhxsxUjlIAytrv1,خواف,nMeMaYxhlwXlm4FWvHQt7Kaakr82,هواز,pKglcfQ7jaUbkEreh4aNGJ3ZAhq1,حاواس,wY9nLxfvecNw99lS9Wx0pT9YLcj1,خواف
غارِق,2TcxLEOTBKYAURXoKZPIkDQnipE2,هايدروجين,2tUqVuRLSvZ1fKB34xSmmuJYvhr2,هيدروجين,50F5dwtdddhH54cCjarRp43Korp2,هيدرجين,5HM1VvkUlabbK1p4yE5eKaEB7XP2,هجوجن,N93fWkm2CzcotDG1qDjrX4bsMFx2,هيدروجين,Pi40HzE66kMgAnFkWRDQRAOgiUi1,هايدروجين,ixzh0eq0UKPrhqgKTEKMyDjaBdj1,هيدروجين,pKglcfQ7jaUbkEreh4aNGJ3ZAhq1,هايدروجين,zuhl0VgsLQQrdNuXSRPGA1hKdho1,حيدرجين
سُرِّيَّة,66Mtp85SOJbXbzqerjYxSrB8slF2,سورية,7ufW8HufEvZWeL4UF3c8ZMdVL8x1,سورية,N93fWkm2CzcotDG1qDjrX4bsMFx2,سرية,Pi40HzE66kMgAnFkWRDQRAOgiUi1,صرية,X7tTUctfjleYqNhxsxUjlIAytrv1,سرية,XOx4OEuuUZbdNz58VOQM4JliGus1,صرية,iwsOqLOQVOSYKMCW30iSK40GrZH3,سورية,wgVwGL41WHYFTybDA4AWlZTCrns1,صرية
شَيْهَم,2TcxLEOTBKYAURXoKZPIkDQnipE2,شيئا,3tCpPOYPsCUdicDjBYJxW9vGfgj2,شيهم,N93fWkm2CzcotDG1qDjrX4bsMFx2,شيه,Pi40HzE66kMgAnFkWRDQRAOgiUi1,شيهم,X7tTUctfjleYqNhxsxUjlIAytrv1,شيهم,pKglcfQ7jaUbkEreh4aNGJ3ZAhq1,شايها
صِفْرِيّ,0nGiVljOjHSAnhHpH19KT2t8IXy1,صفري,3b8QgBWODObUoZkkOHnd3TWjzQf2,سفري,66Mtp85SOJbXbzqerjYxSrB8slF2,صفري,Pi40HzE66kMgAnFkWRDQRAOgiUi1,سفري,TwQbNF3F3cafaUiFKfg4bPyWn0j1,سفري,nMeMaYxhlwXlm4FWvHQt7Kaakr82,صفري,qAPapD1boJQHOonmlrH6CQvYBsj1,صفرري
تَكَأْكُؤ,2TcxLEOTBKYAURXoKZPIkDQnipE2,تكأكؤ,3tCpPOYPsCUdicDjBYJxW9vGfgj2,تكئكؤ,Np3DftSUFTW0CyOFRYdWIqt9pW92,بكائق,P24SY11mpCMuVMHHaxRQs6vXywy1,تكق,X7tTUctfjleYqNhxsxUjlIAytrv1,تكأكئ,pKglcfQ7jaUbkEreh4aNGJ3ZAhq1,تكاقو
اِسْتَنْقَص,5HM1VvkUlabbK1p4yE5eKaEB7XP2,استنقز,JCZBRuBzVlTMICdtlmlhjuq4g4g2,استنقس,Np3DftSUFTW0CyOFRYdWIqt9pW92,اسذقس,md1x3diYgOfz6Qy1o8ARTWjERID3,إسطنكس,wY9nLxfvecNw99lS9Wx0pT9YLcj1,استنقص,wgVwGL41WHYFTybDA4AWlZTCrns1,استنكس
مَثابَة,6INXhpXg6PMrc1X6DUP6g6po7M12,متابة,gXTJZjzYIXfFDZtYO5OAw0XBMiU2,متبة,nMeMaYxhlwXlm4FWvHQt7Kaakr82,مثابة,pKglcfQ7jaUbkEreh4aNGJ3ZAhq1,بتابة,r2bkl9BHYSh4AzcPGuwSi21rDWC2,مطب,wY9nLxfvecNw99lS9Wx0pT9YLcj1,مثابة
تَحَرُّرِيّ,6INXhpXg6PMrc1X6DUP6g6po7M12,تحرري,Pi40HzE66kMgAnFkWRDQRAOgiUi1,تحروري,QAKh6ymQKFgDj6n7DDaBGNqcDZQ2,تحروي,X7tTUctfjleYqNhxsxUjlIAytrv1,تحرري,md1x3diYgOfz6Qy1o8ARTWjERID3,تحرري,wgVwGL41WHYFTybDA4AWlZTCrns1,تحرري
جارِحَة,N93fWkm2CzcotDG1qDjrX4bsMFx2,جارها,Pi40HzE66kMgAnFkWRDQRAOgiUi1,جارحة,QAKh6ymQKFgDj6n7DDaBGNqcDZQ2,جريها,X7tTUctfjleYqNhxsxUjlIAytrv1,جارحة,iwsOqLOQVOSYKMCW30iSK40GrZH3,جريهة,r2bkl9BHYSh4AzcPGuwSi21rDWC2,جاره
نَهِير,7e2jltTPz2NCI14esaf5iDfGyUk1,نحير,TwQbNF3F3cafaUiFKfg4bPyWn0j1,نهير,XOx4OEuuUZbdNz58VOQM4JliGus1,نحير,md1x3diYgOfz6Qy1o8ARTWjERID3,محير,nMeMaYxhlwXlm4FWvHQt7Kaakr82,نهير,r2bkl9BHYSh4AzcPGuwSi21rDWC2,ناحير
ضَبابِيَّة,50F5dwtdddhH54cCjarRp43Korp2,ضبابية,7e2jltTPz2NCI14esaf5iDfGyUk1,بببي,JCZBRuBzVlTMICdtlmlhjuq4g4g2,ببابية,Np3DftSUFTW0CyOFRYdWIqt9pW92,ببابي,Pi40HzE66kMgAnFkWRDQRAOgiUi1,ضببية,m44Q5JmPHfhZEm8jjytZWYQVByr2,وبابية
مُتَعَنْفِص,2TcxLEOTBKYAURXoKZPIkDQnipE2,متعنفص,3tCpPOYPsCUdicDjBYJxW9vGfgj2,متعنفص,N93fWkm2CzcotDG1qDjrX4bsMFx2,متعنثس,X7tTUctfjleYqNhxsxUjlIAytrv1,متعنفس,pKglcfQ7jaUbkEreh4aNGJ3ZAhq1,متاعنفس,r2bkl9BHYSh4AzcPGuwSi21rDWC2,متاعنفس
فَجَر,3tCpPOYPsCUdicDjBYJxW9vGfgj2,فجر,5HM1VvkUlabbK1p4yE5eKaEB7XP2,فجر,6INXhpXg6PMrc1X6DUP6g6po7M12,فجر,7ufW8HufEvZWeL4UF3c8ZMdVL8x1,فجار,JCZBRuBzVlTMICdtlmlhjuq4g4g2,فجر,XOx4OEuuUZbdNz58VOQM4JliGus1,فاجر,ixzh0eq0UKPrhqgKTEKMyDjaBdj1,فجر,m44Q5JmPHfhZEm8jjytZWYQVByr2,حجر,qAPapD1boJQHOonmlrH6CQvYBsj1,فاجار,wgVwGL41WHYFTybDA4AWlZTCrns1,فجر
خَفَس,6INXhpXg6PMrc1X6DUP6g6po7M12,حفس,7e2jltTPz2NCI14esaf5iDfGyUk1,حفس,QAKh6ymQKFgDj6n7DDaBGNqcDZQ2,حبس,X7tTUctfjleYqNhxsxUjlIAytrv1,خفس,md1x3diYgOfz6Qy1o8ARTWjERID3,خوس,r2bkl9BHYSh4AzcPGuwSi21rDWC2,حلس
تَكْتَكَة,50F5dwtdddhH54cCjarRp43Korp2,تكتكا,66Mtp85SOJbXbzqerjYxSrB8slF2,تكتكة,7ufW8HufEvZWeL4UF3c8ZMdVL8x1,تكتاكة,Pi40HzE66kMgAnFkWRDQRAOgiUi1,تكتك,QAKh6ymQKFgDj6n7DDaBGNqcDZQ2,تكتكة,iwsOqLOQVOSYKMCW30iSK40GrZH3,تكيتكة,ixzh0eq0UKPrhqgKTEKMyDjaBdj1,تكتكة,qAPapD1boJQHOonmlrH6CQvYBsj1,تاكتاكة,wY9nLxfvecNw99lS9Wx0pT9YLcj1,تكتك,wgVwGL41WHYFTybDA4AWlZTCrns1,تكتكة
مَدَّد,2TcxLEOTBKYAURXoKZPIkDQnipE2,مدد,3b8QgBWODObUoZkkOHnd3TWjzQf2,مدد,gXTJZjzYIXfFDZtYO5OAw0XBMiU2,مدت,nMeMaYxhlwXlm4FWvHQt7Kaakr82,ندت,pKglcfQ7jaUbkEreh4aNGJ3ZAhq1,دادد,wY9nLxfvecNw99lS9Wx0pT9YLcj1,مدد
مُقاوَمَة,7ufW8HufEvZWeL4UF3c8ZMdVL8x1,موكوامة,TwQbNF3F3cafaUiFKfg4bPyWn0j1,مقاومة,iwsOqLOQVOSYKMCW30iSK40GrZH3,موقومة,qAPapD1boJQHOonmlrH6CQvYBsj1,مقاوامة,r2bkl9BHYSh4AzcPGuwSi21rDWC2,مقاما,wgVwGL41WHYFTybDA4AWlZTCrns1,مفومة
كُرّاس,2tUqVuRLSvZ1fKB34xSmmuJYvhr2,كراس,5HM1VvkUlabbK1p4yE5eKaEB7XP2,قرس,6INXhpXg6PMrc1X6DUP6g6po7M12,كراص,X7tTUctfjleYqNhxsxUjlIAytrv1,كراس,pKglcfQ7jaUbkEreh4aNGJ3ZAhq1,كوراس,r2bkl9BHYSh4AzcPGuwSi21rDWC2,كوراس
إِشْقاح,3b8QgBWODObUoZkkOHnd3TWjzQf2,اشكة,3tCpPOYPsCUdicDjBYJxW9vGfgj2,اشقاح,Np3DftSUFTW0CyOFRYdWIqt9pW92,اشقاح,XOx4OEuuUZbdNz58VOQM4JliGus1,إشقاح,gXTJZjzYIXfFDZtYO5OAw0XBMiU2,إشقاح,iwsOqLOQVOSYKMCW30iSK40GrZH3,اشقح,nMeMaYxhlwXlm4FWvHQt7Kaakr82,اشقاح
أَذْكار,2tUqVuRLSvZ1fKB34xSmmuJYvhr2,دكترة,5HM1VvkUlabbK1p4yE5eKaEB7XP2,اظكر,7ufW8HufEvZWeL4UF3c8ZMdVL8x1,أظقر,ixzh0eq0UKPrhqgKTEKMyDjaBdj1,اذكار,m44Q5JmPHfhZEm8jjytZWYQVByr2,ادكال,qAPapD1boJQHOonmlrH6CQvYBsj1,ابوكار,r2bkl9BHYSh4AzcPGuwSi21rDWC2,أذكار
اِحْتِدام,2TcxLEOTBKYAURXoKZPIkDQnipE2,احتدام,2tUqVuRLSvZ1fKB34xSmmuJYvhr2,إحتدام,7ufW8HufEvZWeL4UF3c8ZMdVL8x1,أتجم,P24SY11mpCMuVMHHaxRQs6vXywy1,احتدم,ixzh0eq0UKPrhqgKTEKMyDjaBdj1,احتدام,m44Q5JmPHfhZEm8jjytZWYQVByr2,احتدم,qAPapD1boJQHOonmlrH6CQvYBsj1,اهتيدام,r2bkl9BHYSh4AzcPGuwSi21rDWC2,إحتيدن
تَقادِيم,3tCpPOYPsCUdicDjBYJxW9vGfgj2,تقاديم,66Mtp85SOJbXbzqerjYxSrB8slF2,طقاديم,P24SY11mpCMuVMHHaxRQs6vXywy1,طقديم,TwQbNF3F3cafaUiFKfg4bPyWn0j1,تقاديم,X7tTUctfjleYqNhxsxUjlIAytrv1,تقاديم,pKglcfQ7jaUbkEreh4aNGJ3ZAhq1,تكديم
مُصاب,3tCpPOYPsCUdicDjBYJxW9vGfgj2,مصاب,5HM1VvkUlabbK1p4yE5eKaEB7XP2,مصا,7e2jltTPz2NCI14esaf5iDfGyUk1,مسب,JCZBRuBzVlTMICdtlmlhjuq4g4g2,مصاب,P24SY11mpCMuVMHHaxRQs6vXywy1,مساب,PftUkxhmGyQtVP3GkWwRB0c1ynY2,مرصد,md1x3diYgOfz6Qy1o8ARTWjERID3,موساو,r2bkl9BHYSh4AzcPGuwSi21rDWC2,موصاو
شَغِب,2tUqVuRLSvZ1fKB34xSmmuJYvhr2,شهد,7e2jltTPz2NCI14esaf5iDfGyUk1,شغب,TwQbNF3F3cafaUiFKfg4bPyWn0j1,شغب,m44Q5JmPHfhZEm8jjytZWYQVByr2,شغل,nMeMaYxhlwXlm4FWvHQt7Kaakr82,شغل,r2bkl9BHYSh4AzcPGuwSi21rDWC2,شاغ
مُعاقَبَة,3tCpPOYPsCUdicDjBYJxW9vGfgj2,معاقبة,5HM1VvkUlabbK1p4yE5eKaEB7XP2,موعقبة,7e2jltTPz2NCI14esaf5iDfGyUk1,معكدة,P24SY11mpCMuVMHHaxRQs6vXywy1,ماقبا,X7tTUctfjleYqNhxsxUjlIAytrv1,معاقبة,pKglcfQ7jaUbkEreh4aNGJ3ZAhq1,ماعقدة,r2bkl9BHYSh4AzcPGuwSi21rDWC2,نغاقدا
مَنْقُوص,2tUqVuRLSvZ1fKB34xSmmuJYvhr2,منقوص,50F5dwtdddhH54cCjarRp43Korp2,منقوص,5HM1VvkUlabbK1p4yE5eKaEB7XP2,منق,6INXhpXg6PMrc1X6DUP6g6po7M12,منقوص,7e2jltTPz2NCI14esaf5iDfGyUk1,منغوس,N93fWkm2CzcotDG1qDjrX4bsMFx2,منقورس,XOx4OEuuUZbdNz58VOQM4JliGus1,منقوس,md1x3diYgOfz6Qy1o8ARTWjERID3,منوس,zuhl0VgsLQQrdNuXSRPGA1hKdho1,مانكوس
